"","x"
"1","[1/2]能异步则异步。 <U+00A0><U+00A0><U+00A0><U+00A0><U+00A0> 在这点上，eBay认为，只要能异步就应该异步，异步的实现模式为消息机制以及定时批量操作机制。 <U+00A0><U+00A0><U+00A0><U+00A0><U+00A0> 消息机制的方式通常为功能核心部分完成后发出消息，然后订阅消息的应用异步的进行处理，例如创建商品在创建完毕后，发出消息，图像处理的应用在接到消息后则能"
"2","冲动购物是魔鬼！这一堆都是准备在eBay上卖出去的"
"3","当Paypal剩下-3.05刀 | PayPal是目前全球最大的网上支付公司。PayPal是eBay旗下的一家公司，致力于让个人或企业通过电子邮件，安全、简单、便捷地实现在线付款和收款。PayPal账户是PayPal公司推出的最安全... http://t.cn/zQjYGqX当paypal剩下-3-05刀"
"4","出国前死命找英文歌听 出国后死命找中文歌听 以前总觉得听汪峰的歌声总在金立语音王里面传出来的 现在觉得用我的诺基亚听效果还不错 出国前觉得ebay上面什么都好 出国后觉得淘宝网卖的东西才真心便宜 出国前胡吃海喝 出国后在外面吃饭不会超过6刀 活在大布村其实什么都好 就是东西太贵"
"5","【eBay为零售商推出数据平台】一直鼓吹Big Data大数据的的eBay Inc.今天终于将为广大零售商推出相关服务了，一个在平板电脑上线的Retail Associate Platform零售辅助平台将帮助eBay商家建立消费者数据。... --发布到微刊《电商前沿》http://t.cn/zQj0nZ7"
"6","2006年愚人节，本尼斯在eBay上宣布出售一具“妖精”的遗骸，他在接受BBC采访时说：“我收到了各种各样的邮件，其中有人说他们曾经看过完全相同的东西，还有一个人命令我立即把‘遗骸’交还到墓地，否则后果自负。”"
"7","#澳洲微媒体#@考拉时政娱乐 来自悉尼的布什正在做着很多男人一直梦寐以求但却不敢去做的事：甩掉自己的岳母。布什说：“你只能拥有她七天。她会煮饭、做卫生，还带着条狗。你必须有一间单层的房子，因为她的膝盖不太灵活。”他将未婚妻的母亲克莱亚放到了拍卖网站eBay上拍卖..."
"8","【黑莓Z10在eBay网站最高拍卖价达1775美元】2月2日消息，据国外媒体报道，黑莓公司的Z10智能手机目前在eBay网站的最高拍卖价格已达到1775美元，这也表明这款设备在美国市场的初期需求非常旺盛。按照计划，Z10将于今年3月在美国市场发售。"
"9","#ebay卖家限制# #category limits# 新卖家销售的物品限制！如果你帐号注册未满90天，你在某类目下未售出过多选项物品，或者你在某类目下一年没卖出过1件物品，再或者你去年吃cases的比例大于3%。 那么恭喜你，你在以下类目里面每月只能发布有限的商品。"
"10","[大家帮我看看，这双鞋是白菜吗？] 大家帮我看看，这双鞋是白菜吗？ 在ebay上竞拍的，现在喊到8欧，运费30欧。还有必要拍吗？让人不爽的是mad .. http://t.cn/zQjCgWR"
"11","2006年愚人节，本尼斯在eBay上宣布出售一具“妖精”的遗骸，他在接受BBC采访时说：“我收到了各种各样的邮件，其中有人说他们曾经看过完全相同的东西，还有一个人命令我立即把‘遗骸’交还到墓地，否则后果自负。”"
"12","【佳能数码相机Canon ELPH 530 HS $119@ebay】 http://t.cn/zQjKjRE"
"13","#ebay卖家限制# 1、帐号限制；2、栏目限制；3、物品限制。即使开通了ebay store，这些限制仍然会存在。 坑爹啊！"
"14","北京时间7月18日消息，据国外媒体报道，虽然eBay第二季度营收和用户数量实现双增长，但增幅速度却无法令部分投资人感到满意。 zQG12W5"
"15","eBay总裁多纳霍：我们绝不会成为零售商 http://t.cn/zQjhwMM"
"16","【谷歌眼镜现身美国eBay 竞标价约合94800元】搜索巨头谷歌的硬件设备Google Glass能让你拍照片、录视频，并能查看信息。如果你想要一个，要不就成为它的开发者；要不就参加谷歌正在举办的一个活动，你得说明一下你会拿Glass做什么，然后加上“#ifihadglass”标签发在Google+或Twitter上。"
"17","【eBay第二财季财报：净利降8% 盘后股价重挫6% 】eBay(EBAY)2013财年第二季度净营收为38.77亿美元，同比增长14%；净利润为6.40亿美元，比去年同期的6.92亿美元下滑8%。盘后，eBay(EBAY)股价重挫5.96%至53.96美元。 zQGmXyi 股价实时行情zWzr2v9"
"18","就算我这位消费很理性的人，也禁不住 海淘 带来的巨大吸引力。ebay, AMIAMI,Amazon JAP , Amazon USA.都揣口袋里的感觉多棒。"
"19","闲着没事干去ebay查v3，发现好多都是卖二手的，看到有一家店一次性卖8台v3，高潮是有一台机子后盖是china mibile，第二台。。。。。。。。。"
"20","【eBay总裁多纳霍：我们绝不会成为零售商】消费者想要一种无缝的体验。不管你是哪种规模的零售商或商家，都必须解决这个问题。零售商寻求的是技术合作伙伴，目的是获得支付服务和电商服务。我们绝不会与它们进行竞争。事实上，我们已经成为一个不同于零售商的技术平台。 http://t.cn/zQOD4vD (腾讯)"
"21","@孙毛毛毛 这个真的还不错 可是ebay买来不及 这几天就要用 ..."
"22","#美国赞恩国际律师事务所# 美国移民开办高技术公司和研发尖端技术，据NVCA统计，由移民创办的上市公司中有25%得到风险投资支持，其中包括Google、eBay、Yahoo！、Intel和Sun Microsystems等着名公司。www.uszane.com"
"23","搞错了，是ebay的 //@李子骞:这是Amazon？"
"24","水舞间 表演 超赞真功夫，值得一看。据说准备从澳门迁移上海表演@大熊家de季小妞 @上淘宝就上ebay金钻店"
"25","那个狗牌真心给跪，超级想要，但是从eBay上直接买的话，邮费加关税能再买三套了……"
"26","【全球两台 世嘉未问世主机“冥王星”10万天价售出】eBay上一位ID名为kidvid666的卖家，日前以15500美元（约合95267元人民币）的高价卖出了以前在跳蚤市场以“1美元”购入、全世界仅有2台的SEGA未发售梦幻主机“冥王星(Pluto)”的原型机。"
"27","【谷歌眼镜现身美国eBay 竞标价约合94800元】搜索巨头谷歌的硬件设备Google Glass能让你拍照片、录视频，并能查看信息。如果你想要一个，要不就成为它的开发者；要不就参加谷歌正在举办的一个活动，你得说明一下你会拿Glass做什么，然后加上“#ifihadglass”标签发在Google+或Twitter上。"
"28","tb没有啊orz谁有ebay号求代购QAQ //@兰塞_铃兰先生: 啊啊啊啊啊啊帅裂！！！！好想要啊嘤嘤嘤//@米需说着射了出来:………………哭了//@大柜777:好棒！！！我也要入！！"
"29","澳男子在eBay上拍卖自己岳母 叫价56澳元――分享自环球网@环球网 http://t.cn/zQjVAFu"
"30","转战ebay,我就不行搞不到一个正品~~//@angela抱抱: 今天到了6个，出了一个正品周五前应该还有20个，所有卖盗版货淘宝卖家我要一个一个搞残他们"
"31","PayPal在英国测试“人脸识别”支付系统，全球最大的网上支付公司、eBay旗下PayPal宣布，日前其在英国伦敦泰晤士河畔的里士满区的12家商场推出依靠“人脸识别”的支付系统。http://t.cn/zQW93Cj"
"32","【eBay推出“如期递送”服务：用户可选择收货时间】当地时间本周四，eBay宣布，将为eBay Now运送服务添加“如期递送”（scheduled deliveries）功能，并为零售商带来了一个新平台。eBay零售创新负责人表示，公司正帮助商家们与电子商务世界的“革命”竞争。http://t.cn/zQl2A60"
"33","国内的话是聊天室跟网易泡泡吧，聊天室交的网友都留邮箱，不过十几年前我只有跟EBAY卖家联系才用邮箱。//@怪叔叔叔叔叔: 和右边的经历相同，那时候的聊天室超级干净啊，有点怀念。//@宋荔枝: 注册过ICQ和TICQ，QQ那时也不叫QQ，而是OICQ。依稀仿佛那时流行的好像是BBS聊天室，没有视频也没有语音。"
"34","【硅谷精英们即将实现政治梦想？】8月5日，全球最大在线零售商亚马逊创始人贝佐斯出资2.5亿美元收购美国三大报之一的《华盛顿邮报》。这是硅谷向华盛顿进军的一个新胜利。数据显示：硅谷最大的公司用于在华盛顿进行游说的支出连续两年大幅提高，包括谷歌，eBay，苹果，微软，甲骨文，IBM#新刊速览#"
"35","#eBay趣闻#周末到了，换一下平日的妆容，选择一只新的唇膏或者一只新的眼线笔，改变一下自己吧~学学生活大爆炸里面的Penny，和闺蜜一起替对方化化妆是一个不错的选择哦，因为她总是能够发现你的美丽的另一面！好的妆容少不了好的化妆品，和闺蜜一起先选购一些eBay上的明星化妆产品吧~~"
"36","【全球两台 世嘉未问世主机“冥王星”10万天价售出】eBay上一位ID名为kidvid666的卖家，日前以15500美元（约合95267元人民币）的高价卖出了以前在跳蚤市场以“1美元”购入、全世界仅有2台的SEGA未发售梦幻主机“冥王星(Pluto)”的原型机。"
"37","一位熟客姐姐帮我查到Lkb在ebay上的销售说明，很明显能看到里外全皮的表述，我之前说谁帮我找到就送谁一双平根，绝不会食言的。因为很熟就不圈拉，好顾客值得优待，值得成为朋友。"
"38","回复@SLUTPOP:还有USDJ也是厚盒或者商单那种薄盒 还有很多地方的纸卡也是宣传单惹 //@SLUTPOP:回复@A狸x-Leopardos:→_→我说的是大部分惹 //@ROAR-佩狸狸:这又不是爱尔兰版 //@A狸x-Leopardos: 有的宣传碟是厚盒的没有封底 只有一张封面 当初Ebay上有好多狸碟就是厚盒没封底 一般都是爱尔兰宣传碟"
"39","【全球限量26台的梅赛德斯奔驰CLK GTR在美国eBay销售】里程数仅有70英里，售价199.598万美元，折合人民币1232万，世间罕见，国内的汽车收藏家们，该行动了。"
"40","【微软被曝曾考虑推电商服务挑战亚马逊和eBay】6月21日讯，微软曾计划使电子商务市场成为Windows操作系统，以及包括Xbox游戏机、运行Windows的智能手机和平板电脑的一部分。但微软最近表示已经中止了推出电子商务服务的努力。"
"41","#昨夜今晨#伯南克表示央行的购买资产计划并无既定的路线，退出与否、何时退出都要依据经济数据而定。标普涨0.28%，欧股收高0.6%。原油上涨0.5%报106.48美元，黄金下跌1%报1277.50美元。特斯拉股价大涨10%，研究机构称其股价能翻番。eBay第二财季净利降8%，盘后股价重挫6%。英特尔二季度净利下滑29%"
"42","这又不是爱尔兰版//@A狸x-Leopardos: 有的宣传碟是厚盒的没有封底 只有一张封面 当初Ebay上有好多狸碟就是厚盒没封底 一般都是爱尔兰宣传碟//@SLUTPOP: 宣传碟好薄，只有一张破纸 //@ROAR-佩狸狸:碟盒也不一样 直接是封面跟碟 //@ROAR-佩狸狸: 宣传碟直接一个大白面黑字或者手写"
"43","有的宣传碟是厚盒的没有封底 只有一张封面 当初Ebay上有好多狸碟就是厚盒没封底 一般都是爱尔兰宣传碟//@SLUTPOP: 宣传碟好薄，只有一张破纸 //@ROAR-佩狸狸:碟盒也不一样 直接是封面跟碟 //@ROAR-佩狸狸: 宣传碟直接一个大白面黑字或者手写//@A狸x-Leopardos: 碟面不可能是这样 这个肯定是宣传碟吧"
"44","ebay上的|西lf便宜的"
"45","ebay上卖以前的小电脑，刚放上去一天就有人买了，是一位父亲想买来送给自己在Nigeria服兵役的儿子当生日礼物，让我计算好价格发给他，字里行间让我看的真是感动。"
"46","前几天接到ebay客服打来的电话提醒我如无疑问请确认之前拍下的相机。这个保障不由得啧啧啧。卖家说是她祖母的遗物，够不孝啊。。相机+镜头+2x镜+极骚背带=25刀，不思议啊。联邦快递也暴力，好在ms. michele够贴心的配了块UV，不然镜头不保了都，可UV框凹了摘不下，求解决。"
"47","【苹果在eBay上开设首家翻新产品零售店】11月20日讯，当前，该零售店内共有23款产品在售，包括15款iPad、6款MacBook和2款iPod，产品售价与苹果官网上翻新产品零售店内的产品售价相同，而且还包括一年的质保、新电池、线缆和质检书等。"
"48","Life Ball――每年一度在维也纳举行的Life Ball（生命舞会）是欧洲针对艾滋病的最大慈善活动。MINI从世纪之初就坚持参与其中，每年与知名品牌、设计师合作推出一款特别车型，在eBay上进行义卖。这些每辆都独一无二的艺术MINI也成为MINI个性化改装、涂装中的经典之作。"
"49","【谷歌眼镜现身eBay 竞价超过人民币56.7万元】你既不是谷歌眼镜的开发者，也不是谷歌 #ifihadglass活动中的赢家，所以你只能等待谷歌眼镜的正式发布了，对不对？也许还有其他办法哦。如果你有钱，你就可以在eBay网站上买下这件眼镜了，虽然现在这件眼镜的竞价已超过90，000美元（约人民币56.7万元）。"
"50","个人选择权得到极大尊重：anytime（任何时间）、anywhere（任何地点）、anyway（任何方式）三个any赋予互联网新的定义，人们希望能够在任何时间、任何地点以任何方式办公、消费或娱 乐，用户行为发生了深刻的变革。//【移动变革商业：Ebay投资研究报告】  http://t.cn/zQjZ6nk ( 分享自 @鲜果联播 )"
"51","FR大神据说要在EBAY开卖修罗王了……9.5英寸高"
"52","【第三方支付将添外资新丁 eBay难成第一家】7月1日讯，内有商业银行，外有支付公司获牌在即，第三方支付公司将面临更多挑战。据接近监管层人士透露，央行将在“不久后公布获得支付业务许可证的外资公司，最快会在7月内”，但有望拔得头筹的应该不是近期备受关注的eBay。"
"53","Just sold my laptop 650$ on EBay PayPal charge 20$ and eBay charge 65$ WTF why you charge me so much money@Ebay  我在:Ashley River Rd"
"54","eBay总裁多纳霍：我们绝不会成为零售商 http://t.cn/zQjhwMM"
"55","【PayPal在英国测试“人脸识别”支付系统】全球最大的网上支付公司、eBay旗下PayPal宣布，日前其在英国伦敦泰晤士河畔的里士满区的12家商场推出依靠“人脸识别”的支付系统。”　　尽管当前只有十多家零售商正在使用这一测试服务，但PayPal （分享自 @凤凰科技） http://t.cn/zQjPgbS"
"56","@李晨曦太多了 辛苦了多久终于收起了，光我手里还剩这么多，ebay售起，求好运 我在:Douglas Drive"
"57","【YouTube创始人陈士骏：要过有趣的人生】2005年，陈士骏想从eBay出来做点什么，就去刚刚创建的Facebook面试，没找到太多感觉。他满脑子创业想法，而正好他在Paypal多年的同事查德一家从西雅图搬回硅谷，查德给他打电话，“嘿，不想做点事吗?”一个工程师和一个设计师，一拍即合。"
"58","【YouTube创始人陈士骏：要过有趣的人生】2005年，陈士骏想从eBay出来做点什么，就去刚刚创建的Facebook面试，没找到太多感觉。他满脑子创业想法，而正好他在Paypal多年的同事查德一家从西雅图搬回硅谷，查德给他打电话，“嘿，不想做点事吗?”一个工程师和一个设计师，一拍即合。"
"59","BCBGMAXAZRIA amber long dress ebay retail price around $110"
"60","ebay上买了一个佳能的55-250的长焦，加上原来的18-55套头和50/1.8的痰盂头，终于凑齐了穷人三宝。"
"61","【谷歌眼镜现身eBay 竞价超过人民币56.7万元】你既不是谷歌眼镜的开发者，也不是谷歌 #ifihadglass活动中的赢家，所以你只能等待谷歌眼镜的正式发布了，对不对？也许还有其他办法哦。如果你有钱，你就可以在eBay网站上买下这件眼镜了，虽然现在这件眼镜的竞价已超过90，000美元（约人民币56.7万元）。"
"62","【天价改装458Italia流拍 轮圈价值百万美金】迈阿密改装品牌Latitude Wheels的一台改装法拉利458 Italia几周前被放到eBay拍卖，拍价近130万美元。而一台原厂458售价不过23万美金而已。Latitude称将车拍到如此高价是因此车轮圈就价值100万美元，但还是最终流拍了。"
"63","到处找不到帮羽毛球拍拉线的地方，看来羽毛球在这真是边缘运动。Ebay上有拉线的工具，最便宜的近200刀，好的400多刀，想想有必要吗？"
"64","【美国29岁男子出售游戏商店 标价350万美元】一位居住在佛罗里达的男子在ebay上为自己所拥有的三家游戏商店以及房屋，汽车和收藏品的所有权标价350万美元。除此之外，买家还会得到Butcher所有的个人收藏，包括《蜘蛛侠：火焰之网》32X, 未拆封的Neo Geo，红白机游戏，《光环：致远星》等等。"
"65","我深深地觉得，好心的哥哥你会把我灭口的。Q没Q群，ebay也不懂弄，人又懒，连拍照都嫌累。。。希望哥哥不要骂我呀"
"66","【第三方支付将添外资新丁 eBay难成第一家】7月1日讯，内有商业银行，外有支付公司获牌在即，第三方支付公司将面临更多挑战。据接近监管层人士透露，央行将在“不久后公布获得支付业务许可证的外资公司，最快会在7月内”，但有望拔得头筹的应该不是近期备受关注的eBay。"
"67","【以假乱真 850i改装法拉利Enzo？】当我在ebay看到这个我就震惊了，刚开始还以为是在卖Enzo，仔细一看，5升宝马V12发动机，6速手动变速箱，400匹马力输出，外观方面已经可以和原厂匹敌，真正的高手在民间啊"
"68","感谢 @swatcy83 的远程德国ebay代购超级喜欢的蓝狮钥匙扣。这回蓝狮系列圆满了，男鞋，童鞋，鞋模一应俱全@ㄖ砝 @达尔莫斯-棋子 @Alex陈大宝 @ENJOYZ足球装备网 @囤囤团团乇乇和米其毛"
"69","【调查：即便是二手 iPhone的价格仍要高于Galaxy】投资银行Piper Jaffray于今日公布了iPhone的转售价值指数。经过对比在eBay上拍卖的iPhone 5、iPhone 4S、iPhone 4、Galaxy 3、Galaxy Note2这5款手机，他们发现，iPhone的转售贬值率要低于三星的Galaxy手机。"
"70","【谷歌眼镜现身美国eBay 竞标价约合94800元】搜索巨头谷歌的硬件设备Google Glass能让你拍照片、录视频，并能查看信息。如果你想要一个，要不就成为它的开发者；要不就参加谷歌正在举办的一个活动，你得说明一下你会拿Glass做什么，然后加上“#ifihadglass”标签发在Google+或Twitter上。"
"71","【第三方支付将添外资新丁 eBay难成第一家】7月1日讯，内有商业银行，外有支付公司获牌在即，第三方支付公司将面临更多挑战。据接近监管层人士透露，央行将在“不久后公布获得支付业务许可证的外资公司，最快会在7月内”，但有望拔得头筹的应该不是近期备受关注的eBay。"
"72","给还不知道的童鞋普及一下MAC名色Candy Yum Yum:MAC在2011年推出限量色Candy Yum Yum荧光粉色唇膏后, 很快被一抢而空,并在EBAY被疯炒到一支200美金。终于在2012年底,MAC决定把Candy Yum Yum加入永久在店内可以买到的。大家有机会去MAC可以试一下这个曾经多少人愿意花200美金买的传奇颜色 -专业化妆师KC"
"73","【老款Google Nexus 7 ASUS-1B32 32GB Tablet 自用很实惠哦$169.99@ebay】 http://t.cn/zQljaFN"
"74","【谷歌眼镜现身美国eBay 竞标价约合94800元】搜索巨头谷歌的硬件设备Google Glass能让你拍照片、录视频，并能查看信息。如果你想要一个，要不就成为它的开发者；要不就参加谷歌正在举办的一个活动，你得说明一下你会拿Glass做什么，然后加上“#ifihadglass”标签发在Google+或Twitter上。"
"75","【Samsung Series 7 DP700A7D-S04$929.99@ebay】 http://t.cn/zQlWa1e"
"76","前月ebay拍了barbie叫美的朋友兔Щ...本硎榱嗣阅barbie才I的（槊我想起了㈦u取卵），回磲嵛夷名的激樱首先物很好看啊，然後我想起磉@是我人生第一bbarbie!!!!! 瞬g回起小W辣Nbarbie但父母不I跑e人家去玩的悲催!!!!! 21q才碛辛说barbie... 嗯嗯"
"77","【YouTube创始人陈士骏：要过有趣的人生】2005年，陈士骏想从eBay出来做点什么，就去刚刚创建的Facebook面试，没找到太多感觉。他满脑子创业想法，而正好他在Paypal多年的同事查德一家从西雅图搬回硅谷，查德给他打电话，“嘿，不想做点事吗?”一个工程师和一个设计师，一拍即合。"
"78","EBAY上有。。。。帮转"
"79","【以假乱真 850i改装法拉利Enzo？】当我在ebay看到这个我就震惊了，刚开始还以为是在卖Enzo，仔细一看，5升宝马V12发动机，6速手动变速箱，400匹马力输出，外观方面已经可以和原厂匹敌，真正的高手在民间啊"
"80","回复@凝清嗳:何必，真的让人光火就让淘宝找人刻盘，娘的你们这么封法，最终的结果就是让淘宝上刻盘的卖家有钱赚了 //@凝清嗳:直接上Ebay搞DVD Review"
"81","据国外媒体报道，在第二季度的营收大会上，eBay总裁兼CEO约翰・多纳霍 John Donahoe 表示，Paypal计划推出POS终端产品。 　　Paypal准备移动支付上投下重注。另一家最近推出POS系统的移动支付公司就是杰克・多西 Jack Dorsey 的Square。"
"82","肯定有的！什么Amazon ebay之类的，或者专门卖电子产品的网站"
"83","美发产品暴利啊！晚上美发师推荐的一款意大利品牌护发精华套盒报价一千一百九赠送头部按摩，我顶住压力没被说服，回家在淘宝上查，报价从一百六到两百六不等，于是想这会不会是假的啊，转战欧洲药妆网店和德国ebay amazon，原来原价才十一欧折人民币九十几啊！！姐姐我的钱大风吹来的吗？赚钱多难啊！"
"84","再吐槽一下这次奥巴马政府驳回ITC对苹果产品禁令的后果:短期后果是标准专利的贬值。对企业的专利战略也会有长期影响。自几年前的eBay案子以来，禁令在地方法院已经很难拿了。上次苹果在北加州也没拿到，今天是上诉听证会的日子，如果再拿不到禁令的话那专利的排他性就大打折扣基本上是一纸空文了。"
"85","【黑莓Z10在eBay网站最高拍卖价达1775美元】2月2日消息，据国外媒体报道，黑莓公司的Z10智能手机目前在eBay网站的最高拍卖价格已达到1775美元，这也表明这款设备在美国市场的初期需求非常旺盛。按照计划，Z10将于今年3月在美国市场发售。"
"86","【微软被曝曾考虑推电商服务挑战亚马逊和eBay】6月21日讯，微软曾计划使电子商务市场成为Windows操作系统，以及包括Xbox游戏机、运行Windows的智能手机和平板电脑的一部分。但微软最近表示已经中止了推出电子商务服务的努力。"
"87","《PayPal在英测试“人脸识别”支付，你敢用吗？》 全球最大的网上支付公司、eBay旗下PayPal宣布，日前其在英国伦敦泰晤士河畔的里士满区的12家商场推出依靠“人脸识别”的支付系统。 在这一智能支付系统下，购物者使用PayPal面向iOS、... 来自@风控爱好者 的帖子 http://t.cn/zQlSHx2"
"88","Air Jordan 1 High C White/Black Sample on eBay纯白的比较难见。"
"89","全球最大的网上支付公司、eBay旗下PayPal宣布，日前其在英国伦敦泰晤士河畔的里士满区的12家商场推出依靠“人脸识别”的支付系统。 在这一智能支付系统下，购物者使用PayPal面向iOS、Android和Windows Phone提供的移动应用，可以在它们的手机上看到附近的商场。用户... http://t.cn/zQlSHx2"
"90","【美国29岁男子出售游戏商店 标价350万美元】一位居住在佛罗里达的男子在ebay上为自己所拥有的三家游戏商店以及房屋，汽车和收藏品的所有权标价350万美元。除此之外，买家还会得到Butcher所有的个人收藏，包括《蜘蛛侠：火焰之网》32X, 未拆封的Neo Geo，红白机游戏，《光环：致远星》等等。"
"91","ebay.de"
"92","网传中关村开卖谷歌眼 走访少数商家接受预订 - 东方网-东方财经-网传中关村开卖谷歌眼 走访少数商家接受预订-谷歌 接受预订 商家 开发者 开卖 智能手机 喊价 外媒 鼎好 eBay http://t.cn/zQlikFv"
"93","【暴雪员工纪念纪念剑盾 网上拍卖12万人民币】在暴雪干5年和10年会分别获得一把长剑和一枚盾牌，分别刻有员工的姓名。近日这两件纪念品被人放在ebay上拍卖，开价达19999美元(约12万人民币)。盾的重量约5.45公斤，剑约3.18公斤。由于编号和私密性，还从未被公开出售过。"
"94","偷时间和从文具柜里偷东西是一样糟糕的。你可能会觉得我只是在eBay、Flickr和Youtube上花了一个钟头而已――但那真的会让你的同事发疯的。你你如果花在更有意义的工作上，对工作效率会有相当大的提升。"
"95","#主线任务# 今个又涨姿势了，有些罕见老照片电子版居然还能在ebay上搜到，真是业界良心… P.S.配图，美国防部首任、二任部长，反对杜鲁门削减国防预算的詹姆斯・福莱斯特、执行杜鲁门削减国防预算的路易斯・约翰逊…"
"96","请输入转发理由eBay旗下的PayPal近日他们推出了依靠“人脸识别”的支付系统。"
"97","橙色夏日，Nike Air Force 1 Low “Armory Slate & Orange”本鞋款将于8月10日正式上架，但心急的朋友可以登录ebay进行购买。"
"98","『缘定七夕、唱响ebay』这是来公司的第一个活动、玩得很嗨、吃得很嗨、平台部加油、美国A组加油、A2小组加油、你们这群可爱的人儿、第一份工作、以后用来回忆、"
"99","2006年愚人节，本尼斯在eBay上宣布出售一具“妖精”的遗骸，他在接受BBC采访时说：“我收到了各种各样的邮件，其中有人说他们曾经看过完全相同的东西，还有一个人命令我立即把‘遗骸’交还到墓地，否则后果自负。”"
"100","【以假乱真850i改装法拉利Enzo？】当我在ebay看到这个我就震惊了，刚开始还以为是在卖Enzo，仔细一看，5升宝马V12发动机，6速手动变速箱，400匹马力输出，外观方面已经可以和原厂匹敌，真正的高手在民间啊"
"101","#随手拍#找了好多W站才I到@本...2007年出版的,密林],ebay上也]了...D了好多K於在纫uf的找到...可惜是摸不到啊!娘臀沂樟诉拍了照片o我看...真想F在就看起...QAQ作橐Snape教授一定要仔研x!"
"102","Wil fry portrait of IAN CONNOR SHORTS ebay上已经炒到特别高了 短裤 现货s码一条 懂的来买吧！"
"103","【暴雪员工纪念纪念剑盾 网上拍卖12万人民币】在暴雪干5年和10年会分别获得一把长剑和一枚盾牌，分别刻有员工的姓名。近日这两件纪念品被人放在ebay上拍卖，开价达19999美元(约12万人民币)。盾的重量约5.45公斤，剑约3.18公斤。由于编号和私密性，还从未被公开出售过。"
"104","【以假乱真 850i改装法拉利Enzo？】当我在ebay看到这个我就震惊了，刚开始还以为是在卖Enzo，仔细一看，5升宝马V12发动机，6速手动变速箱，400匹马力输出，外观方面已经可以和原厂匹敌，真正的高手在民间啊"
"105","【调查：即便是二手 iPhone的价格仍要高于Galaxy】投资银行Piper Jaffray于今日公布了iPhone的转售价值指数。经过对比在eBay上拍卖的iPhone 5、iPhone 4S、iPhone 4、Galaxy 3、Galaxy Note2这5款手机，他们发现，iPhone的转售贬值率要低于三星的Galaxy手机。"
"106","2006年愚人节，本尼斯在eBay上宣布出售一具“妖精”的遗骸，他在接受BBC采访时说：“我收到了各种各样的邮件，其中有人说他们曾经看过完全相同的东西，还有一个人命令我立即把‘遗骸’交还到墓地，否则后果自负。”"
"107","Wal-mart用最新的条形码和信息技术打败了当时还热衷于传统扩展兼并，对信息技术尚不敏感的Kmart。但Wal-mart对互联网电商的迟钝让亚马逊，Ebay等迅速成长起来。对于传统零售商来讲，信息技术并不能保证其成为伟大的公司，但需要对信息技术保持开发、拥抱的态度，让信息技术在传统行业发挥最大价值。"
"108","【阿里纪录片：扬子江大鳄】前阿里巴巴外籍员工porter，2年时间剪辑大作。独家揭秘阿里巴巴早期的艰难生存经历，淘宝与ebay的生死之谜。马云的心路历程，辛酸苦辣，所有资料首次公映！马云观后点评： “一部最真实、最能反映阿里巴巴历程的纪录片，每个阿里人都值得一看！” http://t.cn/zQAk6sS"
"109","生活里应该有着些许的奔头，ebay，我应该接受挑战吧，哪怕3个个月后，是成功？是失败？至少我要尝试过……谢谢您给了这么一个平台 我在这里:http://t.cn/zHeMECN"
"110","//@徐雷-XL:第一点应该不准确，当年ebay签的是年度排他协议，不是随时都可以投放的。协议到期后，门户网站的投放陆续撕开口子。"
"111","第一点应该不准确，当年ebay签的是年度排他协议，不是随时都可以投放的。协议到期后，门户网站的投放陆续撕开口子。"
"112","【eBay为零售商推出数据平台】一直鼓吹Big Data大数据的的eBay Inc.今天终于将为广大零售商推出相关服务了，一个在平板电脑上线的Retail Associate Platform零售辅助平台将帮助eBay商家建立消费者数据。该应用将采取收费模式。http://t.cn/zQWtOcs"
"113","我在三年前，一个朋友叫我在ebay或速卖通上卖电子产品，说在华强北随便拿车载导航，然后加上几百块钱放上去，一天卖一台就够了，当时不知道其它市场是怎么样，不相信这样子也能赚钱，如今，老外确实能接受这样的价格，很多事情按照我们的三观，是无法赚钱的！"
"114","[1/2]伊隆・马斯克（Elon Musk）正成为硅谷另一个 被膜拜的对象：1995年，创立媒体服务软件公 司Zip2，其后以3亿美元价格出售给康柏公司； 1998年创立PayPal，后15亿卖给ebay；2002 年创办航天技术公司SpaceX，成功发射史上第 一艘和国际空间站对接的私人公司飞船；2003 年创办特斯拉，如今市值超过10"
"115","琴姐，说我不懂得把握机会，可是对着那个ebay，我就头大了…… 我在:竹子林五路"
"116","【以假乱真 850i改装法拉利Enzo？】当我在ebay看到这个我就震惊了，刚开始还以为是在卖Enzo，仔细一看，5升宝马V12发动机，6速手动变速箱，400匹马力输出，外观方面已经可以和原厂匹敌，真正的高手在民间啊"
"117","【iPad太爷爷透明Newton 110在eBay销售】　日前在 eBay 有一名卖家在销售一款透明版本 Newton。这款透明的 Apple Newton 110 比起当年在市场上销售的版本来说更稀有。透明 Newton 其实是苹果在当年的某场 Apple Conference 上赠送给开发者的限量版本。"
"118","【谷歌眼镜现身eBay 竞价超过人民币56.7万元】你既不是谷歌眼镜的开发者，也不是谷歌 #ifihadglass活动中的赢家，所以你只能等待谷歌眼镜的正式发布了，对不对？也许还有其他办法哦。如果你有钱，你就可以在eBay网站上买下这件眼镜了，虽然现在这件眼镜的竞价已超过90，000美元（约人民币56.7万元）。"
"119","//@天使投资唐: C店要生存就要有特色！//@中宏嘉国:只是时间问题,迟早C店+中介平台迟早被直销干掉//@Evan一路前行C店理解新兵担子//@龚文祥//@创而优则投//唐:阿里要与京东和苏宁易购等抗衡就要推天猫,淘宝店变为牺牲品!美国Craigslist.org免费广告吃掉①地方报刊黄页收入②eBay本地C2C市场份额"
"120","Topshop jeans, Stine Goya shirt, vintage boots from eBay and Yvonne Koné bag."
"121","//@龚文祥://@创而优则投://@天使投资唐:所以，阿里要与京东和苏宁易购等抗衡就要推天猫，淘宝店变为牺牲品！在美国，Craigslist.org免费广告吃掉大多①地方报刊黄页广告收入②eBay的本地C2C市场份额！报刊传统媒体抵挡不过免费的互联网！"
"122","SoGeGo.net 搜个够 - 澳男子在eBay上拍卖自己岳母 叫价56澳元 - 【环球网综合报道】岳母通常扮演着不太讨女婿喜欢的角色，但一位【手机访问请使用：原网页或电脑版】打开...http://t.cn/zQWkUpi"
"123","【eBay推出“如期递送”服务：用户可选择收货时间】eBay关注本地业务凤凰科技讯 北京时间8月9日消息，据科技网站TheNextWeb报道，当地时间本周四，eBay宣布，将为eBay Now运送服务添加“如期递送”（scheduled del （分享自 @凤凰科技） http://t.cn/zQlZny5"
"124","【PayPal在英国测试“人脸识别”支付系统】8月9日 国际报道：全球最大的网上支付公司、eBay旗下PayPal宣布，日前其在英国伦敦泰晤士河畔的里士满区的12家商场推出依靠“人脸识别”的收银机支付系统。详情：http://t.cn/zQlZJ2u"
"125","好赞//@littleJinnee: So Cute!!!! 你的章子在外国妞这儿肯定很受欢迎～～～要不你搞个授权给我，咱们ebay走起啊～～～"
"126","ebay上面的娃都贵出翔啊…………"
"127","【亚马逊推社交收藏功能 与Pinterest类似】新的收藏功能功能Collections允许用户发布自己喜欢或已经购买的产品图片，并可进行分类管理。如果对其他用户的收藏页面中商品感兴趣，用户可以方便地进行购买。去年它的竞争对手eBay也推出了类Pinterest功能。"
"128","#好肉引来关注也惹来苍蝇# 前两天有人在Ebay上拍了我卖的一个纪梵希真皮包，800刀。问银行帐号，我只让用Paypal。此人而后发来伪装的Paypal邮件通知到账并有链接查余额。我警惕性强，当然不会随意点链接。此处省略800字。结论：那厮是骗子！我没有上当。汇报Ebay及Paypal得以下回复。网络鱼龙混杂啊！"
"129","So Cute!!!! 你的章子在外国妞这儿肯定很受欢迎～～～要不你搞个授权给我，咱们ebay走起啊～～～//@Sherry曳雪: 完成@舒小莫爱穿平底鞋 @Suri蔚婷 @littleJinnee @林璇adpersonin @特林德 @酵酵酵酵酱"
"130","ebay简直就是淘宝呀，各种包邮各种便宜，冲动的买了不少，然后发现投标的可以更便宜，然后又重新把那些买了的一个一个取消交易。呃，手贱，没办法。"
"131","啊哈哈真相//@一Clyde一: 这幅画根本不叫《迪奥的世界》，而是叫The Hands Resist Him，不是中世纪意大利画家画的，而是是美国画家Bill Stoneham在1972年画的2000年eBay上买这幅画的人为了提高页面点击率而编造出了这幅画闹鬼的故事，导致画价从199美刀狂飙到1025美刀注意衣服，衣服明显是现代的衣服"
"132","怎么会那么便宜!!!!ebay会不会卖假货"
"133","【PayPal在英国测试“人脸识别”支付系统】全球最大的网上支付公司、eBay旗下PayPal宣布，日前其在英国伦敦泰晤士河畔的里士满区的12家商场推出依靠“人脸识别”的支付系统。在这一智能支付系统下，购物者使用PayPal面向iOS、Android和Windows Phone提供的移动应用，可以在它们的手机上看到附近的商场"
"134","唱响ebay有点搞笑。"
"135","刚刚问了其他朋友，好像他们今天在ebay上面收到好几个投诉，今天一天ebay打开缓慢，什么情况，ebay有什么大动静@海贸会 @ebay"
"136","都是白痴吗？难道人家把整个报社挂在EBAY上等着你去拍？"
"137","#eBay环保#【eBay与捐助者开启对话】在DCED会议上，eBay与捐助机构、其他私营部门、民间团体进行了对话，讨论环保问题。会上提出环保这个核心概念，一个好的商业观念是与积极的社会影响相联系的。自从1995年创立以来，eBay就从根本上反思购买、销售和支付的旧模式，从而创建一个环保的新商业模式。"
"138","【传说中的“刷脸”终于来了！】eBay旗下的PayPal近日他们推出了依靠“人脸识别”的支付系统。“用户点进某一商场后，通过点击其名称、支付购买项目。此时用户的名字和照片便出现在了商场的支付系统上。待客户同意支付后，收银员便可点击用户照片发出付款指令...”原文：http://t.cn/zQWxUfS"
"139","#快银学堂#【阿里巴巴上市的背後，中国第三方支付的秘辛】阿里巴巴这个公司的历史，大家耳熟能响。但是由于他的牵涉范围甚广，不是像是Facebook, Google, Yahoo，eBay，Amazon这么单纯。而其公司历史，事实上是属于第一代网路公司，可追溯到1999年（源自科技新报 易观网）详情戳：http://t.cn/zQWd1Y5"
"140","隔壁team简直就是全明星阵容啊，詹姆斯、科比、钱德勒、保罗...于是上班时候经常听到类似“科比，过来帮我看个bug”“好的”这样的对话。NBA全明星阵容，现已加入eBay豪华午餐"
"141","两年前在ebay上买了一台内闪已烂，测光不准，快门不准的400D，只需90刀，从此踏入了被迫手动+背诵测光表的旅程。今日换一台入门全画幅和入门红圈，简直泪流满面，感觉非常够用了了"
"142","和某些国人交易真真是恶心，压价你也看看行情啊，还左一个ebay拍卖价多少多少右一个扣除手续费只卖多少多少，谁没用过ebay啊？你要真能用那价格拍到犯得上还跟我在这里唧唧歪歪么？不是诚心想买麻烦滚粗"
"143","【【猎头】CSC for eBay-java开发】Contact:nicole.zhang@bringnova.com 这些职位由Nicole zhang与您联系要是有兴趣的话，直接把信息和CV发到联系邮箱哈，要是合适的话nicole zhang会第一时间联系你 O(∩_∩)O~... --发布到微刊《猎职》http://t.cn/zQWBmUD"
"144","【eBay为零售商推出数据平台】一直鼓吹Big Data大数据的的eBay Inc.今天终于将为广大零售商推出相关服务了，一个在平板电脑上线的Retail Associate Platform零售辅助平台将帮助eBay商家建立消费者数据。该应用将采取收费模式。http://t.cn/zQWtOcs"
"145","#IT读点#【阿里巴巴价值多高？】阿里巴巴 == ebay+ amazon+paypal + B2B 。阿里事实上是属于第一代的网络公司，可以追溯到1999年去。阿里巴巴究竟在800亿美金到1,000亿美金之间的评价会落点何处，会不会超过1,000亿美金？对于现有股东、新投资者、投资银行确实是一个极大的挑战。http://t.cn/zQWjxih"
"146","nnd ,ebay认证的信用卡既不支持JCB，也不支持AE .天要亡我啊~~~！！！"
"147","2006年愚人节，本尼斯在eBay上宣布出售一具“妖精”的遗骸，他在接受BBC采访时说：“我收到了各种各样的邮件，其中有人说他们曾经看过完全相同的东西，还有一个人命令我立即把‘遗骸’交还到墓地，否则后果自负。”"
"148","Here&#039;s the eBay fancy gift card! 我在:http://t.cn/zQWumSZ"
"149","【黑莓Z10在eBay网站最高拍卖价达1775美元】2月2日消息，据国外媒体报道，黑莓公司的Z10智能手机目前在eBay网站的最高拍卖价格已达到1775美元，这也表明这款设备在美国市场的初期需求非常旺盛。按照计划，Z10将于今年3月在美国市场发售。"
"150","【谷歌眼镜现身eBay 竞价超过人民币56.7万元】你既不是谷歌眼镜的开发者，也不是谷歌 #ifihadglass活动中的赢家，所以你只能等待谷歌眼镜的正式发布了，对不对？也许还有其他办法哦。如果你有钱，你就可以在eBay网站上买下这件眼镜了，虽然现在这件眼镜的竞价已超过90，000美元（约人民币56.7万元）。"
"151","EBAY来催我付款 擦 卖家都新开了个Transaktion把东西卖掉了好么 我给卖家邮件也不回 你让我付个毛款啊 个卖家也2B 老子要是点了Barzahlen bei Abholung你不得多交Provision啊 艹"
"152","【美国29岁男子出售游戏商店 标价350万美元】一位居住在佛罗里达的男子在ebay上为自己所拥有的三家游戏商店以及房屋，汽车和收藏品的所有权标价350万美元。除此之外，买家还会得到Butcher所有的个人收藏，包括《蜘蛛侠：火焰之网》32X, 未拆封的Neo Geo，红白机游戏，《光环：致远星》等等。"
"153","eBay旗下PayPal宣布在英国伦敦推出“人脸识别”系统http://t.cn/zQWna4I"
"154","老子tm再也不在eBay上卖东西了！Paypal扣手续费我忍了！eBay竟然tm还要扣9%！！天理何在我去&#039;再加上碰到一些傻逼的buyers&#039;做生意真不容易我还是滚去看CS吧嚓！ 我在:Broadway"
"155","AIR JORDAN 5 ""Fear"" 采用了深橄榄绿的麂皮鞋面，中底则是有一个绿黑的渐变，任然采用了浅蓝色的水晶大底。这款鞋将于 8 月 24 日发售，日前 eBay 上已经有卖家提前抢跑"
"156","【谷歌眼镜现身eBay 竞价超过人民币56.7万元】你既不是谷歌眼镜的开发者，也不是谷歌 #ifihadglass活动中的赢家，所以你只能等待谷歌眼镜的正式发布了，对不对？也许还有其他办法哦。如果你有钱，你就可以在eBay网站上买下这件眼镜了，虽然现在这件眼镜的竞价已超过90，000美元（约人民币56.7万元）。"
"157","@媛 //@湾区吃喝玩乐小分队:eBay就有卖，博主在Santana Row旁边那家B&N也买过[馋嘴 //@洛杉矶吃货小分队: 这个真有卖？那就来个呕吐味和鼻屎味"
"158","【eBay总裁多纳霍：我们绝不会成为零售商】北京时间8月9日消息，据国外媒体报道，电商巨头eBay总裁兼首席执行官约翰多纳霍（John Donahoe）今日接受了《商业周刊》的专访，畅谈了电子商务和移动支付市场的未来发展前景。他表示：eBay已经成为一个不同于零售商的技术平台，eBay和零售商是合作关系。"
"159","【墙上的购物中心】eBay 在纽约为Kate Spade Saturday开设可购物橱窗，帮助零售商通过现有的实体店产生更多的销售。显示屏近一人高，装在建筑物外立面的展示橱窗上，顾客可触摸屏幕下单，商品将在一小时内由快递送达。总裁 William McComb表示eBay的技术可以让200平米的店面销售1000平米空间才能容纳的"
"160","【阿里巴巴改变中国经济的9个惊人事实】淘宝天猫双十一当天，阿里巴巴用13个小时38分钟贡献100亿GDP；2012年，淘宝网和天猫实现了11,000亿元人民币的交易额，高于亚马逊和eBay交易量总和；直接为24,000人提供岗位；间接创造工作岗位超过1200万……@阿里巴巴 @阿里巴巴中国"
"161","先预言 iPhone 5C将是一个失败的产品。苹果品牌一直的定位是高端、精品，就应该一直走高端线，突然做了一个不男不女的中端线，失去了高端品牌光环的苹果，将一无所有， 如果按照这个思路下去。iPhone 5C将是苹果公司走下坡的里程碑产品。大家可以购iPhone 5C来做历史的纪念！以后放在ebay上拍卖"
"162","//@天使投资唐: C店要生存就要有特色！//@中宏嘉国:只是时间问题,迟早C店+中介平台迟早被直销干掉//@Evan一路前行:天猫是正规军区,C店可以理解是新兵担子//@龚文祥//@创而优则投//唐:阿里要与京东和苏宁易购等抗衡就要推天猫美国Craigslist.org免费广告吃掉①地方报刊黄页收入②eBay本地C2C市场份额"
"163","M1300JP 2010涂蹋理r5000出，ebay有一p是900刀，是超大aUS11，诽焓10f日元，也是US10+，US8.5@r划不划得恚靠梢宰约呵们糜算器，不墨E，爽快包S...M^^ WeChat：KevinMaDiDi"
"164","【谷歌眼镜现身eBay 竞价超过人民币56.7万元】你既不是谷歌眼镜的开发者，也不是谷歌 #ifihadglass活动中的赢家，所以你只能等待谷歌眼镜的正式发布了，对不对？也许还有其他办法哦。如果你有钱，你就可以在eBay网站上买下这件眼镜了，虽然现在这件眼镜的竞价已超过90，000美元（约人民币56.7万元）。"
"165","【调查：即便是二手 iPhone的价格仍要高于Galaxy】投资银行Piper Jaffray于今日公布了iPhone的转售价值指数。经过对比在eBay上拍卖的iPhone 5、iPhone 4S、iPhone 4、Galaxy 3、Galaxy Note2这5款手机，他们发现，iPhone的转售贬值率要低于三星的Galaxy手机。"
"166","网上再次曝光Safari纹理的Nike Air Foamposite One PRM实物照，此番来自eBay卖家，夸张的鞋身图案配上橙色的鲜艳点缀。"
"167","在ebay上看到这个商品图片真是戳中我笑点，感谢这位小哥的销魂眼神给我工作带来欢乐。。。"
"168","2006年愚人节，本尼斯在eBay上宣布出售一具“妖精”的遗骸，他在接受BBC采访时说：“我收到了各种各样的邮件，其中有人说他们曾经看过完全相同的东西，还有一个人命令我立即把‘遗骸’交还到墓地，否则后果自负。”"
"169","eBay就有卖，博主在Santana Row旁边那家B&N也买过[馋嘴 //@洛杉矶吃货小分队: 这个真有卖？那就来个呕吐味和鼻屎味"
"170","#在线旅游#【阿里巴巴改变中国经济的几个惊人事实】①2012年，阿里实现了11,000亿元人民币的交易额，高于亚马逊和eBay交易量总和。②直接为24,000人提供岗位；③2012年双十一当天，阿里用13个小时38分钟贡献100亿GDP，超越了11年美国电子商务行业的最高记录；... http://t.cn/zQNaaoH"
"171","//@龚文祥: //@创而优则投://@天使投资唐:所以，阿里要与京东和苏宁易购等抗衡就要推天猫，淘宝店变为牺牲品！在美国，Craigslist.org免费广告吃掉大多①地方报刊黄页广告收入②eBay的本地C2C市场份额！报刊传统媒体抵挡不过免费的互联网！"
"172","【美国29岁男子出售游戏商店 标价350万美元】一位居住在佛罗里达的男子在ebay上为自己所拥有的三家游戏商店以及房屋，汽车和收藏品的所有权标价350万美元。除此之外，买家还会得到Butcher所有的个人收藏，包括《蜘蛛侠：火焰之网》32X, 未拆封的Neo Geo，红白机游戏，《光环：致远星》等等。"
"173","//@龚文祥: //@创而优则投://@天使投资唐:所以，阿里要与京东和苏宁易购等抗衡就要推天猫，淘宝店变为牺牲品！在美国，Craigslist.org免费广告吃掉大多①地方报刊黄页广告收入②eBay的本地C2C市场份额！报刊传统媒体抵挡不过免费的互联网！"
"174","现在ebay已经出了是什么情况!!!"
"175","有时晚上做个噩梦，早起什么都不记得，大概是个悬疑惊悚，，然后一身冷汗呼吸困难，，半天缓不过来打开ebay噼里啪啦，然后就回笼了个美觉又神采奕奕去奔命咯，，人生就是一个傻瓜挣傻瓜花的竞赛，，你还真别懈怠"
"176","2006年愚人节，本尼斯在eBay上宣布出售一具“妖精”的遗骸，他在接受BBC采访时说：“我收到了各种各样的邮件，其中有人说他们曾经看过完全相同的东西，还有一个人命令我立即把‘遗骸’交还到墓地，否则后果自负。”"
"177","【eBay为零售商推出数据平台】一个在平板电脑上线的Retail Associate Platform零售辅助平台将帮助eBay商家建立消费者购买历史、联系信息、仓储及收入变化数据。消费者数据可以让零售商360度了解消费者，同时该平台还具有分析和报告功能。"
"178","ebay Amazon有举报功能么话说……卖假毛的99%都是盗淘宝的图，而且很多都是用烂白菜卡丝毛发货还敢卖20+刀一顶，而且全是中国的卖家_(:3」∠)_这么坑美帝妹子的钱很好玩？？？"
"179","【调查：即便是二手 iPhone的价格仍要高于Galaxy】投资银行Piper Jaffray于今日公布了iPhone的转售价值指数。经过对比在eBay上拍卖的iPhone 5、iPhone 4S、iPhone 4、Galaxy 3、Galaxy Note2这5款手机，他们发现，iPhone的转售贬值率要低于三星的Galaxy手机。"
"180","【黑莓Z10在eBay网站最高拍卖价达1775美元】2月2日消息，据国外媒体报道，黑莓公司的Z10智能手机目前在eBay网站的最高拍卖价格已达到1775美元，这也表明这款设备在美国市场的初期需求非常旺盛。按照计划，Z10将于今年3月在美国市场发售。"
"181","04年还在中学时办的第一张@中国银行信用卡 用到这个月终于正式退伍了。现在的眼光来看这种卡既收年费又不能自动还款，诟病太多。可当年这张卡几乎是所向披靡无所不能，在中华大地信用卡遍地开花前就开始用它注册我的第一个eBay账号第一个Paypal第一次海外购物认识了一大帮败家的朋友。再见了老伙计"
"182","首先，不同意C店+中介平台迟早被直销干掉观点，个人认为未来两者谁也吃不掉谁，各有优缺点，相比较而存在，相斗争而发展，斗争的边界依然是行业平均利润率来决定；其次，只从销售平台价值看ebay市值有失偏颇。实际上两者销售平台价值在公司总价值中一直在下降，ebay向线下的战略大调整让人期待"
"183","【ASSA奇葩】一西悉尼男子 Bush在ebay网挂牌出售自己的准岳母！""你只能买下她七天，她会做饭，会打扫，并随身带着一条狗,""Bush在网上这样描述道。出人意料的是，这主意竟是他丈母娘提出的。原来Bush在蓝山攀岩时摔断了腿，现需要钱进行治疗。所以老人家想出这点子帮他筹点钱"
"184","西南分会特发起座谈会访，邀请大中小型包括创业型公司UED团队负责人或骨干人员，旨在收集用户体验在跨领域行业中的生存状况、现存困扰及发展趋势等信息。主持人：郎佳明。现任沃尔玛1号店用户体验总监（曾任盛大在线用户体验设计中心总监；群硕软件UED部门经理；eBay中国产品设计研究经理）。8月17日。"
"185","【eBay为零售商推出数据平台】 一直鼓吹Big Data大数据的的eBay Inc.今天终于将为广大零售商推出相关服务了，一个在平板电脑上线的Retail Associate Platform零... http://t.cn/zQWtOcs"
"186","消费者与消费者之间的电子商务（Consumer to Consumer ，即C2C）。C2C商务平台就是通过为买卖双方提供一个在线交易平台，使卖方可以主动提供商品上网拍卖，而买方可以自行选择商品进行竞价。其代表是eBay、taobao电子商务模式"
"187","我在这里@360上网印象/（http://t.cn/zQWaclh）“eBay”的评论“本身在这个网站上买东西，买全球各地，我觉得不错啊，为什么说差...”，你支持我的观点吗？"
"188","Ebay和亚马逊采用差异竞争策略，比如销售平台，一个采用分散，一个采用集中；核心行业，亚马逊选中数字出版，Ebay选中外贸；技术突破，亚马逊选中云计算，ebay选中在线支付等等，但进化的路径又惊人的相似，只是细节不同。"
"189","【全球两台 世嘉未问世主机“冥王星”10万天价售出】eBay上一位ID名为kidvid666的卖家，日前以15500美元（约合95267元人民币）的高价卖出了以前在跳蚤市场以“1美元”购入、全世界仅有2台的SEGA未发售梦幻主机“冥王星(Pluto)”的原型机。"
"190","回复@王晔Ken:我不喜欢淘宝，没有那火眼金睛。说起网购，我家的电视、电脑、音响、手机、相机、镜头、健身器材……都是网上买的，甚至汽车也是ebay上拍的，但我很少在网上买衣服，因为我不能只凭图片想像鞋子是否合脚是否舒服，衣服穿上身后效果是否好。在店里买的另一个好处是，如果有不满意退货比较"
"191","eBay最近推出Retail Associate Platform数字零售辅助平台，帮助零售商建立消费者购买历史、联系信息、仓储及收入变化数据。这是ebay在销售平台基础上，继续打造和完善购物综合服务平台。ebay通过收购paypal，移动商务和跨境电商奠定了其在网络支付，跨境贸易中的领导地位。"
"192","好不容易EBAY终于出了第一单，拍卖交易费真高，10%！！太久没接触第三方平台了，还有每个月的销售额限制，产品类别数量上传限制，真严格！看来需要好好学习了。。。不过这也好，门槛高点，竞争的激烈程度稍微可以低点！慢慢积累吧"
"193","Musk这就一个奇人，10岁就会电脑编程，99年创立paypal然后卖给ebay，后来玩火箭玩电动车，清洁能源是大势所趋，希望早日进入中国市场"
"194","//@天使投资唐: @中宏嘉国:只是时间问题,迟早C店+中介平台迟早被直销干掉//@Evan一路前行:天猫是正规军区,C店可以理解是新兵担子//@龚文祥//@创而优则投//唐:阿里要与京东和苏宁易购等抗衡就要推天猫,淘宝店变为牺牲品!美国Craigslist.org免费广告吃掉①地方报刊黄页收入②eBay本地C2C市场份额"
"195","PayPal在英国测试“人脸识别”支付系统 全球最大的网上支付公司、eBay旗下PayPal宣布，日前其在英国伦敦泰晤士河畔的里士满区的12家商场推出依靠“人脸识别”的支付系统。"
"196","eBay为零售商推出数据平台 一直鼓吹Big Data大数据的的eBay Inc.今天终于将为广大零售商推出相关服务了，一个在平板电脑上线的Retail Associate Platform零售辅助平台将帮助eBay商家建立消费者数据。"
"197","【二手手机谁最保值？iPhone4价格上涨10%，S3暴跌】苹果发布已经3年的iPhone 4在eBay上的二手销售价格上涨了10%，iPhone 4S下降了11.85%，而iPhone 5只下降了3.75%。在相同的时期，三星Galaxy S3在eBay上的售价暴跌了27.32%，而Galaxy Note II的售价竟然下跌了35.54%。"
"198","C店要生存就要有特色！//@中宏嘉国:只是时间问题,迟早C店+中介平台迟早被直销干掉//@Evan一路前行:天猫是正规军区,C店可以理解是新兵担子//@龚文祥//@创而优则投//唐:阿里要与京东和苏宁易购等抗衡就要推天猫,淘宝店变为牺牲品!美国Craigslist.org免费广告吃掉①地方报刊黄页收入②eBay本地C2C市场份额"
"199","#同城奇闻#ebay拍卖岳母？来自悉尼的布什正在做着很多男人一直梦寐以求但却不敢去做的事：甩掉自己的岳母。布什说：“你只能拥有她七天。她会煮饭、做卫生，还带着条狗。你必须有一间单层的房子，因为她的膝盖不太灵活。”他将未婚妻的母亲克莱亚放到了拍卖网站eBay上拍卖..."
"200","手头紧 西悉尼男子上eBay拍卖岳母. 竟然天下有这么好的岳母，和谐 http://t.cn/zQOsmGD"
"201","MLGB!!! eBay 客服S一群脑残!!!食屎拉!!!"
"202","【第三方支付将添外资新丁 eBay难成第一家】7月1日讯，内有商业银行，外有支付公司获牌在即，第三方支付公司将面临更多挑战。据接近监管层人士透露，央行将在“不久后公布获得支付业务许可证的外资公司，最快会在7月内”，但有望拔得头筹的应该不是近期备受关注的eBay。"
"203","我在ebay花了比一张专辑本身还贵的邮费买了从韩国直邮的XOXO和Growl 我真是妥妥的脑缠粉了_(:з」∠)_ @小圈微甜 @丁mengmeng @端木流苏 小伙伴们我这病看来是没法治了"
"204","木啦，这是什么销售速度啊～不到24小时，一共6个，自留一个，<U+00A0>ebay两个小时就走了一个，亲们得了4个，周六就回朝～//@牙尖儿铺铺儿: 不好意思算错价，橄榄绿1499，酒红1549"
"205","ebay的搞不起～先来个球迷的过过瘾"
"206","Air Jordan 5 “Fear” C Available Early on eBay。 Air Jordan Retro V Sequoia/Fire RedCMedium OliveCBlack 626971-350 08/24/13"
"207","@北美省钱快报: ”Etsy是美国一个在线销售手工工艺品的网站，于2005年6月18日上线，网站集聚了一大批极富影响力和号召力的手工艺术品设计师。在Etsy，人们可以开店，销售自己的手工艺品，模式类似eBay和中国的淘宝。“//@姚小温柔爱学术_SarA: www.etsy.com @北美省钱快报 忘记留地址了。"
"208","//@龚文祥: //@创而优则投://@天使投资唐:所以，阿里要与京东和苏宁易购等抗衡就要推天猫，淘宝店变为牺牲品！在美国，Craigslist.org免费广告吃掉大多①地方报刊黄页广告收入②eBay的本地C2C市场份额！报刊传统媒体抵挡不过免费的互联网！"
"209","CM手办正在ebay上拍着呢，全员签名呀喂……有兴趣可以去围观，有票纸的可以去掺和掺和嘛~戳→http://t.cn/SzRrXU A http://t.cn/SzRrXU"
"210","eBay总裁多纳霍：我们绝不会成为零售商 问：导致移动支付发展缓慢的其中一项原因是卖场体验并没有差到不可救药的地步。而且用paypal或其他移动支付解决方案来付费花的时间反而更多一些。 答：paypal移动支付服务推出后，我们之所以能够取得200亿美元的移动支付营业额是因为这项服务既安全又便利。"
"211","每次看到就是败家的节奏。。。@卡卡小字路 以前不知道看谁说的，EBAY拍卖400多刀，人家自己网站就卖750了"
"212","Compared to TaoBao, I woud say Ebay you are nothing!, few sellers, user-unfriendly interface, pool feedback system. FUCKING EXPENSIVE POSTAGE 跟淘宝比起来只能充其量算垃圾,虽然已经买过20多次东西了，这次终于忍不了了！操操操"
"213","#随手拍# eBay再次出现Air Jordan彩虹系列鞋款，此番出售的是Air Jordan XIV，鞋身选用富有金属质感蓝色珠光皮制作，细节以及大底均配以白色。"
"214","//@龚文祥://@创而优则投://@天使投资唐:所以，阿里要与京东和苏宁易购等抗衡就要推天猫，淘宝店变为牺牲品！在美国，Craigslist.org免费广告吃掉大多①地方报刊黄页广告收入②eBay的本地C2C市场份额！报刊传统媒体抵挡不过免费的互联网！"
"215","//@龚文祥://@创而优则投://@天使投资唐:所以，阿里要与京东和苏宁易购等抗衡就要推天猫，淘宝店变为牺牲品！在美国，Craigslist.org免费广告吃掉大多①地方报刊黄页广告收入②eBay的本地C2C市场份额！报刊传统媒体抵挡不过免费的互联网！"
"216","【PayPal：中国小客户走出去的“贴身顾问”】尽管eBay<U+00A0>CEO多纳霍多次公开表示：“我相信，PayPal将成为在中国市场上第一家拿到支付牌照的海外公司。”但时至今日，这句话像是“狼来了”一样，只闻其声，PayPal在中国的第三方支付牌照，尚在沟通和申请中。"
"217","【全球限量26台的梅赛德斯奔驰CLK GTR在美国eBay销售】里程数仅有70英里，售价199.598万美元，折合人民币1232万，世间罕见，国内的汽车收藏家们，该行动了。"
"218","【视频：一亿五千万人爱上的Ebay易趣 广告短片】7-8年前的广告吧 @王-永超 （分享自 @优酷网） http://t.cn/zQWV3G0"
"219","#瑞士钟表博物馆地图# 伯爵时间之廊位于瑞士日内瓦专卖店内，占地180平米，由为伯爵全球打造专卖店的建筑师Gérard Barrau特别设计。展览厅以编年顺序的方式，呈现伯爵工艺的历史和工艺传承，时间之廊还珍藏了伯爵通过拍卖、ebay等不同方法寻找到的经典作品。图为藏品之一：杰奎琳<U+2022>肯尼迪拥有的腕表"
"220","所以，阿里要与京东和苏宁易购等抗衡就要推天猫，淘宝店变为牺牲品！在美国，Craigslist.org免费广告吃掉大多①地方报刊黄页广告收入②eBay的本地C2C市场份额！报刊传统媒体抵挡不过免费的互联网！悲剧的c店"
"221","一直鼓吹Big Data大数据的的eBay Inc.今天终于将为广大零售商推出相关服务了，一个在平板电脑上线的Retail Associate Platform零售辅助平台将帮助eBay商家建立消费者数据。"
"222","【iPhone 4转售价格上升10%Galaxy S3跌27%】国外投资公司Piper Jaffray从ebay调查手机转售价格显示，iPhone 4的转售价格自今年四月以来上升10.31%，iPhone 4S则下降11.85%，iPhone 5下降3.75%；不过同一时期，三星Galaxy S3的转售价格下降27.32%，Galaxy Note 2下降则高达35.54%。"
"223","「今日神奇国度」没钱用 西雪梨男子网上卖岳母岳母通常扮演着不太讨女婿喜欢的角色，但一位雪梨男子的做法有点过火了：他在ebay拍卖自己岳母。这听起来似乎很缺德，但其实这是他岳母自己的主意。据七号台报道，来自西雪梨的布什正在做着很多男人一直梦寐以求但却不敢去做的事：甩掉自己的岳母。"
"224","@诡诡1985 @幸福DE木马 //@龚文祥://@创而优则投://@天使投资唐:所以，阿里要与京东和苏宁易购等抗衡就要推天猫，淘宝店变为牺牲品！在美国，Craigslist.org免费广告吃掉大多①地方报刊黄页广告收入②eBay的本地C2C市场份额！报刊传统媒体抵挡不过免费的互联网！"
"225","//@龚文祥://@创而优则投://@天使投资唐:所以，阿里要与京东和苏宁易购等抗衡就要推天猫，淘宝店变为牺牲品！在美国，Craigslist.org免费广告吃掉大多①地方报刊黄页广告收入②eBay的本地C2C市场份额！报刊传统媒体抵挡不过免费的互联网！"
"226","//@龚文祥: //@创而优则投://@天使投资唐:所以，阿里要与京东和苏宁易购等抗衡就要推天猫，淘宝店变为牺牲品！在美国，Craigslist.org免费广告吃掉大多①地方报刊黄页广告收入②eBay的本地C2C市场份额！报刊传统媒体抵挡不过免费的互联网！"
"227","小店难为持 //@龚文祥://@创而优则投://@天使投资唐:所以，阿里要与京东和苏宁易购等抗衡就要推天猫，淘宝店变为牺牲品！在美国，Craigslist.org免费广告吃掉大多①地方报刊黄页广告收入②eBay的本地C2C市场份额！报刊传统媒体抵挡不过免费的互联网！"
"228","一早儿看到Yahoo! 7的报道，说西悉尼的一位极品男在eBay上拍卖自己的岳母。不过，倒不是因为不和，而是另有苦衷。详情猛戳：http://t.cn/zQWq70U"
"229","天猫是正规军区，C店可以理解是新兵担子！//@天使投资唐:所以，阿里要与京东和苏宁易购等抗衡就要推天猫，淘宝店变为牺牲品！在美国，Craigslist.org免费广告吃掉大多①地方报刊黄页广告收入②eBay的本地C2C市场份额！报刊传统媒体抵挡不过免费的互联网！"
"230","投资公司Piper Jaffray通过二手手机销售情况来分析手机实际价值。从4月至今数据显示，iPhone 4在eBay上二手销售价格涨10%，iPhone 4S降11.85%，而iPhone 5只降了3.75%。同期，三星Galaxy S3在eBay上售价跌27.32%，Galaxy Note II跌了35.54%。为什么苹果手机保值度比三星高？这就是信仰与忠诚的力量！"
"231","价格，品质是关键 //@龚文祥://@创而优则投://@天使投资唐:所以，阿里要与京东和苏宁易购等抗衡就要推天猫，淘宝店变为牺牲品！在美国，Craigslist.org免费广告吃掉大多①地方报刊黄页广告收入②eBay的本地C2C市场份额！报刊传统媒体抵挡不过免费的互联网！"
"232","可怜的淘宝 //@龚文祥://@创而优则投://@天使投资唐:所以，阿里要与京东和苏宁易购等抗衡就要推天猫，淘宝店变为牺牲品！在美国，Craigslist.org免费广告吃掉大多①地方报刊黄页广告收入②eBay的本地C2C市场份额！报刊传统媒体抵挡不过免费的互联网！"
"233","淘宝店还能存活多久.......//@龚文祥://@创而优则投://@天使投资唐:所以，阿里要与京东和苏宁易购等抗衡就要推天猫，淘宝店变为牺牲品！在美国，Craigslist.org免费广告吃掉大多①地方报刊黄页广告收入②eBay的本地C2C市场份额！报刊传统媒体抵挡不过免费的互联网！"
"234","【以假乱真 850i改装法拉利Enzo？】当我在ebay看到这个我就震惊了，刚开始还以为是在卖Enzo，仔细一看，5升宝马V12发动机，6速手动变速箱，400匹马力输出，外观方面已经可以和原厂匹敌，真正的高手在民间啊"
"235","#镜报新闻#【悉尼男竟网上拍卖准岳母】大千世界，无奇不有。自从这互联网快速发展以来，网购已经不是什么新鲜事了，而令人啧啧称奇的是，竟然有人在网上出售岳母的！一名西悉尼男子Daniel Bush就把自己的准岳母――他未婚妻的母亲Thea Calleja，在ebay网上“挂牌出售了”。http://t.cn/zQW4FOu"
"236","//@龚文祥: //@创而优则投://@天使投资唐:所以，阿里要与京东和苏宁易购等抗衡就要推天猫，淘宝店变为牺牲品！在美国，Craigslist.org免费广告吃掉大多①地方报刊黄页广告收入②eBay的本地C2C市场份额！报刊传统媒体抵挡不过免费的互联网！"
"237","淘宝店做陪玩儿。。//@龚文祥://@创而优则投://@天使投资唐:所以，阿里要与京东和苏宁易购等抗衡就要推天猫，淘宝店变为牺牲品！在美国，Craigslist.org免费广告吃掉大多①地方报刊黄页广告收入②eBay的本地C2C市场份额！报刊传统媒体抵挡不过免费的互联网！"
"238","【仅售￥503.63 印度eBay网站现身“Lumia 920”】在eBay网站上发现了仅售4450卢布（折 合人民币503.63）的“Lumia 920”。这款型号为Lamia Model R920在界面上也采用了WP系统的方块设计，但是你别指望能够实现动态磁贴功能。"
"239","//@龚文祥: //@创而优则投://@天使投资唐:所以，阿里要与京东和苏宁易购等抗衡就要推天猫，淘宝店变为牺牲品！在美国，Craigslist.org免费广告吃掉大多①地方报刊黄页广告收入②eBay的本地C2C市场份额！报刊传统媒体抵挡不过免费的互联网！"
"240","@ZYJ_VERA 淘宝店没前途//@龚文祥://@创而优则投://@天使投资唐:所以，阿里要与京东和苏宁易购等抗衡就要推天猫，淘宝店变为牺牲品！在美国，Craigslist.org免费广告吃掉大多①地方报刊黄页广告收入②eBay的本地C2C市场份额！报刊传统媒体抵挡不过免费的互联网！"
"241","最后一发6号在结束前还是没搞到，于是ebay了。。。"
"242","//@创而优则投://@天使投资唐:所以，阿里要与京东和苏宁易购等抗衡就要推天猫，淘宝店变为牺牲品！在美国，Craigslist.org免费广告吃掉大多①地方报刊黄页广告收入②eBay的本地C2C市场份额！报刊传统媒体抵挡不过免费的互联网！"
"243",":所以，阿里要与京东和苏宁易购等抗衡就要推天猫，淘宝店变为牺牲品！在美国，Craigslist.org免费广告吃掉大多①地方报刊黄页广告收入②eBay的本地C2C市场份额！报刊传统媒体抵挡不过免费的互联网！8月21/23日北京创业大，报名人数少=得奖机会大 http://t.cn/zQoY0//@冷栋的微博:认同，C店干不过直销"
"244","【eBay结盟大型线下零售商 联手对抗亚马逊】8月8日消息，据国外媒体报道，作为曾经为小型卖家提供商品拍卖的网站，eBay如今正在挖角在线零售业巨头亚马逊的平台大型零售商。eBay公开表示，该公司能够帮助零售商更好地与亚马逊进行竞争。"
"245","【谷歌眼镜现身美国eBay 竞标价约合94800元】搜索巨头谷歌的硬件设备Google Glass能让你拍照片、录视频，并能查看信息。如果你想要一个，要不就成为它的开发者；要不就参加谷歌正在举办的一个活动，你得说明一下你会拿Glass做什么，然后加上“#ifihadglass”标签发在Google 或Twitter上。"
"246","【谷歌眼镜现身eBay 竞价超过人民币56.7万元】你既不是谷歌眼镜的开发者，也不是谷歌 #ifihadglass活动中的赢家，所以你只能等待谷歌眼镜的正式发布了，对不对？也许还有其他办法哦。如果你有钱，你就可以在eBay网站上买下这件眼镜了，虽然现在这件眼镜的竞价已超过90，000美元（约人民币56.7万元）。"
"247","【全球限量26台的梅赛德斯奔驰CLK GTR在美国eBay销售】里程数仅有70英里，售价199.598万美元，折合人民币1232万，世间罕见，国内的汽车收藏家们，该行动了。"
"248","【谷歌眼镜现身美国eBay 竞标价约合94800元】搜索巨头谷歌的硬件设备Google Glass能让你拍照片、录视频，并能查看信息。如果你想要一个，要不就成为它的开发者；要不就参加谷歌正在举办的一个活动，你得说明一下你会拿Glass做什么，然后加上“#ifihadglass”标签发在Google+或Twitter上。"
"249","【以假乱真850i改装法拉利Enzo？】当我在ebay看到这个我就震惊了，刚开始还以为是在卖Enzo，仔细一看，5升宝马V12发动机，6速手动变速箱，400匹马力输出，外观方面已经可以和原厂匹敌，真正的高手在民间啊"
"250","【全球限量26台的梅赛德斯奔驰CLK GTR在美国eBay销售】里程数仅有70英里，售价199.598万美元，折合人民币1232万，世间罕见，国内的汽车收藏家们，该行动了。"
"251","【暴雪员工纪念纪念剑盾 网上拍卖12万人民币】在暴雪干5年和10年会分别获得一把长剑和一枚盾牌，分别刻有员工的姓名。近日这两件纪念品被人放在ebay上拍卖，开价达19999美元(约12万人民币)。盾的重量约5.45公斤，剑约3.18公斤。由于编号和私密性，还从未被公开出售过。"
"252","国外媒体报道称，Piper Jaffray投资机构从今年3月开始监测苹果和三星二手手机的成交价值，最后其给出的数据显示，自4月以来已发布3年的iPhone 4在eBay上的二手销售价格上涨了10%。"
"253","偷时间和从文具柜里偷东西是一样糟糕的。你可能会觉得我只是在eBay、Flickr和Youtube上花了一个钟头而已――但那真的会让你的同事发疯的。你你如果花在更有意义的工作上，对工作效率会有相当大的提升。"
"254","@Saimjj_manzoku 美国这边amazon比ebay强大得多。我找到葛城的卡套了。而且很便宜（虽然貌似只剩下两个了"
"255","【手头紧 西悉尼男子上eBay拍卖岳母】岳母通常扮演着不太讨女婿喜欢的角色，但一位悉尼男子的做法就更加过火，他在一个在线拍卖网站上拍卖自己的岳母。这听起来似乎很缺德，但其实这是他岳母自己的主意。 http://t.cn/zQOsmGD"
"256","大u大u<U+266A>(′｀)<U+266A>(′｀)宣鬈o力呀<U+301C>是在涉谷 我@可能只能在ebayI了//@赤西仁让我不得不注册: 最后几张有灯箱的感觉我最爱！美！#HEY WHAT'S UP?#"
"257","偷时间和从文具柜里偷东西是一样糟糕的。你可能会觉得我只是在eBay、Flickr和Youtube上花了一个钟头而已――但那真的会让你的同事发疯的。你你如果花在更有意义的工作上，对工作效率会有相当大的提升。"
"258","ebay和Amazon在中国发展的确不如本土企业，但也不能否认它们是受人尊重的伟大公司。我们应该少些狂妄，多存敬畏之心。"
"259","【在橱窗里下单，方便你的购物欲】尽管还是＂看得见，摸不着＂，橱窗里的实物还是胜过网上高清大图。eBay称这次与Saturday的合作“已经从字面上重新定义了＂Window Shopping＂，以往这个词的意思等同于“看而不买”，但现在eBay创造了移动消费领域的新体验。"
"260","原来官方真的有卖 后知后觉太可怕了 现在只有ebay有了。。"
"261","2006年愚人节，本尼斯在eBay上宣布出售一具“妖精”的遗骸，他在接受BBC采访时说：“我收到了各种各样的邮件，其中有人说他们曾经看过完全相同的东西，还有一个人命令我立即把‘遗骸’交还到墓地，否则后果自负。”"
"262","CM手办正在ebay上拍着呢，全员签名呀喂……有兴趣可以去围观，有票纸的可以去掺和掺和嘛~戳→http://t.cn/SzRrXU A http://t.cn/SzRrXU"
"263","//@天使投资唐:所以，阿里要与京东和苏宁易购等抗衡就要推天猫，淘宝店变为牺牲品！在美国，Craigslist.org免费广告吃掉大多①地方报刊黄页广告收入②eBay的本地C2C市场份额！报刊传统媒体抵挡不过免费的互联网！8月21/23日北京创业大，报名人数少=得奖机会大 htt"
"264","帮转～不过四百梳妆盒那个价格偏高啊……观望一下等有米了去ebay上拍"
"265","【翻新的微软32Gsurface自用很不错哦$249@ebay】 http://t.cn/zQO1fTF"
"266","【Apple MacBook Pro 13.3-inch$980@ebay】 http://t.cn/zQO38jb"
"267","目测不是很乐观 呵呵 其实不在意这个球 签名球带证书ebay250美金就能买到 真是很委屈//@qJereson:回复@超级sf超级想和kobe单挑:博主没受伤吧？现场那么多目击证人！应该没事儿的！同为科蜜，希望博主能把球拿回来，同时不管那对夫妇是否为科蜜，这种人就应该受..."
"268","【第三方支付将添外资新丁 eBay难成第一家】7月1日讯，内有商业银行，外有支付公司获牌在即，第三方支付公司将面临更多挑战。据接近监管层人士透露，央行将在“不久后公布获得支付业务许可证的外资公司，最快会在7月内”，但有望拔得头筹的应该不是近期备受关注的eBay。"
"269","【第三方支付将添外资新丁 eBay难成第一家】7月1日讯，内有商业银行，外有支付公司获牌在即，第三方支付公司将面临更多挑战。据接近监管层人士透露，央行将在“不久后公布获得支付业务许可证的外资公司，最快会在7月内”，但有望拔得头筹的应该不是近期备受关注的eBay。"
"270","[|控, 夜光] Barnes & Noble 子x器 NOOK Simple Touch with GlowLight $99免\(原r$119, 17% Off) eBay: http://t.cn/zQOuQRw Barnes & Noble:http://t.cn/zQOuQRA"
"271","[|控, 夜光] Barnes & Noble 子x器 NOOK Simple Touch with GlowLight $99免\(原r$119, 17% Off) eBay: http://t.cn/zQOuQRw Barnes & Noble:http://t.cn/zQOuQRA"
"272","Nike Huarache 09 OJ Mayo PE，2009年全明星新秀赛，大概有赞助的合同，印象中只有kd穿了自己的第一代签名鞋，全橙色漆皮的。除了这双以外好像所有人都穿了图上这双huaruache 09，原来每个球员的鞋子都不一样，ebay有卖家再出售oj梅奥的球员版，鞋内侧有印他个人的logo，链接：http://t.cn/zQOuQRH"
"273","//@天使投资唐:所以，阿里要与京东和苏宁易购等抗衡就要推天猫，淘宝店变为牺牲品！在美国，Craigslist.org免费广告吃掉大多①地方报刊黄页广告收入②eBay的本地C2C市场份额！报刊传统媒体抵挡不过免费的互联网！8月21/23日北京创业大，报名人数少=得奖机会大 htt"
"274","呃。。。倒是ebay让我动心想把paypal里的钱用出去"
"275","@无电不商秦方竞 这个节奏对路不？//@天使投资唐:所以，阿里要与京东和苏宁易购等抗衡就要推天猫，淘宝店变为牺牲品！在美国，Craigslist.org免费广告吃掉大多①地方报刊黄页广告收入②eBay的本地C2C市场份额！/@冷栋的微博:认同，C店干不过直销"
"276","【谷歌眼镜现身美国eBay 竞标价约合94800元】搜索巨头谷歌的硬件设备Google Glass能让你拍照片、录视频，并能查看信息。如果你想要一个，要不就成为它的开发者；要不就参加谷歌正在举办的一个活动，你得说明一下你会拿Glass做什么，然后加上“#ifihadglass”标签发在Google+或Twitter上。"
"277","【《速度与激情2》三菱Evo 24.6万元起拍】曾在《速度与激情2》中出镜的绿色三菱Evo，里程数仅有884英里(约1358公里)。目前该车已在eBay拍卖起价3.9995万美元(约合人民币24.6万元)。"
"278","【谷歌眼镜现身eBay 竞价超过人民币56.7万元】你既不是谷歌眼镜的开发者，也不是谷歌 #ifihadglass活动中的赢家，所以你只能等待谷歌眼镜的正式发布了，对不对？也许还有其他办法哦。如果你有钱，你就可以在eBay网站上买下这件眼镜了，虽然现在这件眼镜的竞价已超过90，000美元（约人民币56.7万元）。"
"279","中国用户还不能在自己的Paypal帐户上加入自己在国内的银行帐户，也不能向自己的信用卡里撤款。帐户余额只能用来：(1)支付eBay或Paypal等网站的费用(2)给其他用户寄款。所以国人都用自己的支付宝，虽然paypal更保护买方利益，不过他们真的不了解中国人"
"280","Hot eBay items always have this magic 15s. So many snipers nowadays. #ebay #auction #snipe #5s http://t.cn/zQOEPnK"
"281","去淘宝，ebay搜了半天 原来loki的戒指是国外的一个强人自己diy出来的 http://t.cn/zQOjqna 有兴趣的可以看这个攻略～ 我是做不出来拉"
"282","我想在Ebay上I一箱洗水和一箱沐浴乳，location要在法，寄回V州。可是我在Ebay上找了好久，lF好多法商家都只l本地的。而且Mu家也]有回。我怎Nk啊？？怎N硬拍苷业轿蚁胍的K且能蚣碇的商品啊？？？"
"283","【iPad太爷爷透明Newton 110在eBay销售】　日前在 eBay 有一名卖家在销售一款透明版本 Newton。这款透明的 Apple Newton 110 比起当年在市场上销售的版本来说更稀有。透明 Newton 其实是苹果在当年的某场 Apple Conference 上赠送给开发者的限量版本。"
"284","【谷歌眼镜现身eBay 竞价超过人民币56.7万元】你既不是谷歌眼镜的开发者，也不是谷歌 #ifihadglass活动中的赢家，所以你只能等待谷歌眼镜的正式发布了，对不对？也许还有其他办法哦。如果你有钱，你就可以在eBay网站上买下这件眼镜了，虽然现在这件眼镜的竞价已超过90，000美元（约人民币56.7万元）。"
"285","在价格上做文章而成功或曾经成功的案例：淘宝（v.s.ebay）、360、凡客、小米"
"286","2013.8.8 my last day of internship at ebay~敬世上最友善的老板@甘比，最友好帮了我很多的@BILL_H_ ，我的美丽小伙伴@_爽CarmenLuo , 还有其他同样很友好地接受帮助我的同事~thank you and wish you all the best"
"287","还是买不起。。。 //@坳痍的二缺_JK://@SamTien: 价格已经很公道了,搞不懂想什么//@ak27户外军品应用程序: EBAY难道给你包邮么？算算等到货的时间，再一个，这个包上的套就是HSG1出的，COSTA叫HSG1贴牌代工而已。"
"288","ebay有诶 不过也很贵 哎..."
"289","【超圆形鸡蛋 出现几率为“十亿分之一”】12月26日讯，英国男子近日在做煎蛋卷的时候发现了一个奇圆无比的鸡蛋，他顿觉不可思议，便做了一个仔细的调查。调查发现，英国近几年出土的超圆形鸡蛋只有两个。因此，他尝试在eBay上出售这颗鸡蛋，最后竟售得91英镑。不过这一半的收入也将被捐给慈善机构。"
"290","【暴雪员工纪念纪念剑盾 网上拍卖12万人民币】在暴雪干5年和10年会分别获得一把长剑和一枚盾牌，分别刻有员工的姓名。近日这两件纪念品被人放在ebay上拍卖，开价达19999美元(约12万人民币)。盾的重量约5.45公斤，剑约3.18公斤。由于编号和私密性，还从未被公开出售过。"
"291","//@SamTien: 价格已经很公道了,搞不懂想什么//@ak27户外军品应用程序: EBAY难道给你包邮么？算算等到货的时间，再一个，这个包上的套就是HSG1出的，COSTA叫HSG1贴牌代工而已。"
"292","一名西悉尼男子Daniel Bush把自己的准岳母――他未婚妻的母亲Thea Calleja，在ebay网上“挂牌出售了”。“你只能买下她七天，她会做饭，会打扫，并且随身带着一条狗。”这是Bush在网上的描述。这个没心没肺的准女婿，居然把丈母娘放到网上出卖？原来这个想法竟然是由老人自己提出来的。"
"293","上周发的Quota的软文被疯狂的卖家顶到eBay官网论坛Top 2，然后，今天涌进来的eBay账号使得总额度到了1000万。再然后，悲剧的是，8点30分，服务器被你们搞挂了，苦逼修复中。呃，我想说的是，为了保证老客户能正常使用，在我们完成扩容之前，Quota免费版本暂停发放新的邀请码。不好意思。"
"294","价格已经很公道了,搞不懂想什么//@ak27户外军品应用程序: EBAY难道给你包邮么？算算等到货的时间，再一个，这个包上的套就是HSG1出的，COSTA叫HSG1贴牌代工而已。//@坎大哈的一头牛: 贵了,Ebay卖140美刀,另外这个是HSGI出的@古月夹心 @海啸士官长"
"295","除了贵啥都好//@ak27户外军品应用程序: EBAY难道给你包邮么？算算等到货的时间，再一个，这个包上的套就是HSG1出的，COSTA叫HSG1贴牌代工而已。//@坎大哈的一头牛: 贵了,Ebay卖140美刀,另外这个是HSGI出的@古月夹心 @海啸士官长"
"296","Hi 帮我家姐做个广告 国内现在的这些产品大部分都是假的 现在我们为了给大家分辨假货真货 特意从泰国进货过来澳洲 然后再进行发售 我们在ebay上都有进行销售 希望大家购买 有意请联系哦亲 我在:Unwins Bridge Rd"
"297","ebay上能买到，ms比忍术水蜘蛛靠谱http://t.cn/zQOp5oh果壳网: 这算“铁掌水上漂”么？"
"298","贵了,Ebay卖140美刀,另外这个是HSGI出的@古月夹心 @海啸士官长 //@ak27户外军品应用程序: 数量多的，放心大胆的去玩吧//@爱的战士_NightAria: 给我留一套 //@ak27户外军品应用程序:要去菲律宾G1的可以买此骚货哦。。。"
"299","忍Paypal忍够了，妈蛋要我跑到你们面前去证明这个账户是我的么！换个国家就锁我账户不让我用自己的卡，提供这个证明那个证明，退税单银行信证明地址和姓名都不够，你们这不是保护了我的安全，是让我放弃不要用这个账号了！要不是为了Ebay。。@PayPal_China 虽然不是你但是你的米国兄弟，就中下枪吧"
"300","分享自eBay 《PayPal全球跨境电子商务报告为中国在线外贸商户提供权威指南》 -  （图：跨境在线出口-美国仍是最大市场 巴西增长迅速前景广阔） 近日，paypal在北京发布了首份全... (来自 @头条博客) - http://t.cn/zQOCF23"
"301","【天价改装458Italia流拍 轮圈价值百万美金】迈阿密改装品牌Latitude Wheels的一台改装法拉利458 Italia几周前被放到eBay拍卖，拍价近130万美元。而一台原厂458售价不过23万美金而已。Latitude称将车拍到如此高价是因此车轮圈就价值100万美元，但还是最终流拍了。"
"302","【暴雪员工纪念纪念剑盾 网上拍卖12万人民币】在暴雪干5年和10年会分别获得一把长剑和一枚盾牌，分别刻有员工的姓名。近日这两件纪念品被人放在ebay上拍卖，开价达19999美元(约12万人民币)。盾的重量约5.45公斤，剑约3.18公斤。由于编号和私密性，还从未被公开出售过。"
"303","我同意浏览和下单体验绝不是ebay和amazon的核心竞争力；物流费用是由于地理人口密度限制的<U+301C>；但是为什么他可以不用免费呢？ //@龚文祥: 转发微博"
"304","【全球两台 世嘉未问世主机“冥王星”10万天价售出】eBay上一位ID名为kidvid666的卖家，日前以15500美元（约合95267元人民币）的高价卖出了以前在跳蚤市场以“1美元”购入、全世界仅有2台的SEGA未发售梦幻主机“冥王星(Pluto)”的原型机。"
"305","回复@mr_brightside_lee:大减价，放上EBAY10天拍卖，看完刚好卖掉。 //@mr_brightside_lee:breaking badF在才看太t了吧？"
"306","【仅售￥503.63 印度eBay网站现身“Lumia 920”】在eBay网站上发现了仅售4450卢布（折 合人民币503.63）的“Lumia 920”。这款型号为Lamia Model R920在界面上也采用了WP系统的方块设计，但是你别指望能够实现动态磁贴功能。"
"307","我EBAY上I了DVD~//@书蠹精: 我买了原版的CD三张。据专业人士说江青的咏叹调""I am the wife of Mao Zedong""难度很高。如果有兴趣，可以在土豆里听选段。 //@瑶草:这个剧照~"
"308","再说一下网站体验，上次在ebay上搜商品搜出来的图片没法看。在用户体验和淘宝比差很运更别说和天猫比了。"
"309","【谷歌眼镜现身美国eBay 竞标价约合94800元】搜索巨头谷歌的硬件设备Google Glass能让你拍照片、录视频，并能查看信息。如果你想要一个，要不就成为它的开发者；要不就参加谷歌正在举办的一个活动，你得说明一下你会拿Glass做什么，然后加上“#ifihadglass”标签发在Google+或Twitter上。"
"310","等等这个大哥我在ebay上面看到过超便宜啊"
"311","【美国29岁男子出售游戏商店 标价350万美元】一位居住在佛罗里达的男子在ebay上为自己所拥有的三家游戏商店以及房屋，汽车和收藏品的所有权标价350万美元。除此之外，买家还会得到Butcher所有的个人收藏，包括《蜘蛛侠：火焰之网》32X, 未拆封的Neo Geo，红白机游戏，《光环：致远星》等等。"
"312","建议中国网售商们多向Amazon和Ebay学习！//@李成东V: 蛋定，在俄罗斯平均要两个月时间//@巴黎酒桶吴小鉴:欧洲还常有30天后发货，常常收货的时候都忘记自己买过这货了//@yinghe00://@李成东V:美国同城配送20美金且不保证次日达，你要是管中国用户收20人民币，看用户买不买账。//@巴黎"
"313","在ebay上看到了这个 made-in-china."
"314","另一反面是没有珠三角长三角这种大批量小规模集群式制造基地，实际EBay,Amazon上的直营店也多半卖中国产品，美国公司产品根本不卖给自营小卖家"
"315","澳洲七号台报道 一个来自悉尼西区的男子将他未婚妻的妈妈放在eBay 出售 条件是：您只能拥有她七天 她能做饭 清洁家居并有一条狗 她只能在一个层面活动 因为他关接有些不好 ... 她虽然不是原装的 但我需要Q我的八周医院的费用 这就是全部....这样的故事会发生在我们身边吗？大干世界 要说爱你不容易"
"316","竟然收到 eBay 印度的来电"
"317","这些人生准则不要去试图达到，不然自寻烦恼。paypal 提现 充值，ebay代付和竞拍 QQ ：447570683"
"318","【暴雪员工纪念纪念剑盾 网上拍卖12万人民币】在暴雪干5年和10年会分别获得一把长剑和一枚盾牌，分别刻有员工的姓名。近日这两件纪念品被人放在ebay上拍卖，开价达19999美元(约12万人民币)。盾的重量约5.45公斤，剑约3.18公斤。由于编号和私密性，还从未被公开出售过。"
"319","@akimuu- 搜了一下ebay上还真有的卖 但是淘宝没有代购(._.)"
"320","//@李远亮V: 别扯了行不？你认为狗屎一样的体验在老外看来却是最合理的存在，大家的思维理解方式不一样罢，这也是为什么这些年国外的互联网进不来，中国的互联网也走不出去的原因。阿里巴巴用淘宝打易趣只用了一年多时间，而现在用aliexpress打ebay打了三年多也就是给人家挠下痒。@丁辰灵"
"321","别扯了行不？你认为狗屎一样的体验在老外看来却是最合理的存在，大家的思维理解方式不一样罢，这也是为什么这些年国外的互联网进不来，中国的互联网也走不出去的原因。阿里巴巴用淘宝打易趣只用了一年多时间，而现在用aliexpress打ebay打了三年多也就是给人家挠下痒。@丁辰灵"
"322","为什么ebay和amazon比中国电商发展慢？因为扣费高，效率低，没价格优势；加上配送慢配送体验差，还要收很高的配送费用；再加上欧美传统商业就很发达，电商的优势就更弱了，当然发展比中国慢！友情建议贝佐斯来中国呆一年体验，不要“坐井观天”，天天忽悠的用户体验，却远不如中国同行。"
"323","【全球两台 世嘉未问世主机“冥王星”10万天价售出】eBay上一位ID名为kidvid666的卖家，日前以15500美元（约合95267元人民币）的高价卖出了以前在跳蚤市场以“1美元”购入、全世界仅有2台的SEGA未发售梦幻主机“冥王星(Pluto)”的原型机。"
"324","#eBay科技前沿#【2015年-五个人的eBay故事（配中字）】唱片店老板Garret、收藏家Dimitri、精心准备约会的Annie……2015年，来自全球各地的五个人，背景不同、年龄各异，但他们拥有一个共同的世界：eBay。视频展现了eBay对线上线下商务的完美融合，以及全球化贸易的未来愿景。http://t.cn/zQ0gxi3"
"325","开个淘宝店是免费的，但如果你要是开个Amazon店铺，这要收取28.75英镑/月的店铺费，eBay也有店铺费也不低！有竞争是好事，当中国电商巨头出海后，ebay和Amazon的好日子就不会太长。狗屎一样的用户体验，届时被神化的ebay和amazon就会走下神坛！"
"326","【谷歌眼镜现身eBay 竞价超过人民币56.7万元】你既不是谷歌眼镜的开发者，也不是谷歌 #ifihadglass活动中的赢家，所以你只能等待谷歌眼镜的正式发布了，对不对？也许还有其他办法哦。如果你有钱，你就可以在eBay网站上买下这件眼镜了，虽然现在这件眼镜的竞价已超过90，000美元（约人民币56.7万元）。"
"327","ebay上看到的商品，不知道你看懂了么？@闫闯_汽车之家 @Ozel-易车网 @初晓敏 @汽车之家 @易车网 @新浪汽车 @搜狐汽车官方微博"
"328","【eBay & Amazon 收费与市场对比】大家来感受一下，平均的佣金率接近18%，而第二张图是亚马逊中国明显低了很多，10%左右。亚马逊全球日子很好过，是因为还没有碰到中国这样彪悍的竞争对手。"
"329","丢哪？eBay?有人象宝马高官确认过吗？道听途说吧"
"330","2006年愚人节，本尼斯在eBay上宣布出售一具“妖精”的遗骸，他在接受BBC采访时说：“我收到了各种各样的邮件，其中有人说他们曾经看过完全相同的东西，还有一个人命令我立即把‘遗骸’交还到墓地，否则后果自负。”"
"331","eBay Now Expands Home Delivery Service to Desktop！！！！"
"332","【以假乱真 850i改装法拉利Enzo？】当我在ebay看到这个我就震惊了，刚开始还以为是在卖Enzo，仔细一看，5升宝马V12发动机，6速手动变速箱，400匹马力输出，外观方面已经可以和原厂匹敌，真正的高手在民间啊"
"333","【以假乱真 850i改装法拉利Enzo？】当我在ebay看到这个我就震惊了，刚开始还以为是在卖Enzo，仔细一看，5升宝马V12发动机，6速手动变速箱，400匹马力输出，外观方面已经可以和原厂匹敌，真正的高手在民间啊"
"334","引用独配SoleMate的转发理由:这个人出了名卖厂货假鞋的，好像都是香港发...同时作为给EBAY球鞋息的评论发布.同时作为给独配SoleMate的评论发布. //@独配SoleMate:这个人出了名卖厂货假鞋的，好像都是香港发货。不知道哪来的这些鞋 //@Y雨xMARS: 瞬间中毒。@彭新雨_LUCKYNightTheRyan @谢冠洲"
"335","【手机保值新数据】投资公司Piper Jaffray通过分析二手手机销售情况来分析手机实际价值。从4月至今数据显示，iPhone 4在eBay上二手销售价格涨10%，iPhone 4S降11.85%，而iPhone 5只降了3.75%。同期，三星Galaxy S3在eBay上售价跌27.32%，Galaxy Note II跌了35.54%。也就是说苹果手机保值度比三星高！"
"336","【第三方支付将添外资新丁 eBay难成第一家】7月1日讯，内有商业银行，外有支付公司获牌在即，第三方支付公司将面临更多挑战。据接近监管层人士透露，央行将在“不久后公布获得支付业务许可证的外资公司，最快会在7月内”，但有望拔得头筹的应该不是近期备受关注的eBay。"
"337","【iPad太爷爷透明Newton 110在eBay销售】　日前在 eBay 有一名卖家在销售一款透明版本 Newton。这款透明的 Apple Newton 110 比起当年在市场上销售的版本来说更稀有。透明 Newton 其实是苹果在当年的某场 Apple Conference 上赠送给开发者的限量版本。"
"338","忽然生出种要把我朝诸种旅行社包开会纪念包挂高价挂在北美欧洲ebay的冲动 //@非主流南瓜://@VivianYuan_小V: 哈哈哈哈哈哈，消费者心理就是这样吗？!//@bbbryan:高端洋气啊！ //@Kevin凯文老师:"
"339","eBay市值没亚马逊大，因为C店+中介平台迟早被直销干掉，国内淘宝店,第3方还有诚信差物流等问题！去Webplus.com报名创业大赛//@南丰橘子哥:早就这样//@南曼后杰首果:前3位本来就是天猫//@龚文祥:刚才网友爆料“ 你只要在淘宝搜索某某正品,一律出来的是天猫店铺,C店全部屏蔽”…的确排在前面的都是天猫店"
"340","【“硅谷大神”伊隆・马斯克】1995年，创办公司Zip2，后3亿美元卖给康柏公司；1998年创立PayPal，后15亿卖给ebay；2002年创办航天公司SpaceX，成功发射史上第一艘私人公司飞船；2003年创办特斯拉，如今市值超过100亿美元；他还是5个儿子的父亲(分别是一对双胞胎和三个三胞胎)→http://t.cn/zQ0aQeh"
"341","【亚马逊推社交收藏功能 与Pinterest类似】新的收藏功能功能Collections允许用户发布自己喜欢或已经购买的产品图片，并可进行分类管理。如果对其他用户的收藏页面中商品感兴趣，用户可以方便地进行购买。去年它的竞争对手eBay也推出了类Pinterest功能。"
"342","【谷歌眼镜现身eBay 竞价超过人民币56.7万元】你既不是谷歌眼镜的开发者，也不是谷歌 #ifihadglass活动中的赢家，所以你只能等待谷歌眼镜的正式发布了，对不对？也许还有其他办法哦。如果你有钱，你就可以在eBay网站上买下这件眼镜了，虽然现在这件眼镜的竞价已超过90，000美元（约人民币56.7万元）。"
"343","发表了博文 《公司起名：网站起名的方法与技巧》 - 一，网站起名方法与技巧首先就是简介、易记 任何一个网站地址URL都应该简洁，容易拼写，易于理解，这是一个最主要的原则。像Yahoo、eBay、si http://t.cn/zQO7lms"
"344","//@yan10研食: //@-绯红-: ebay做到了 //@管理大师智慧:转发微博"
"345","【二手iPhone 4价格上涨10% S3暴跌】投资公司Piper Jaffray自3月中旬以来一直在监测苹果和三星受欢迎的智能手机二手销售情况。数据显示自4月以来，二手iPhone 4在eBay上的售价上涨了10%，4S下降了11.85%，iPhone 5只下降了3.75%。而二手三星Galaxy S3售价暴跌27.32%，Note II的售价竟暴跌了35.54%。"
"346","With eBay CTO at project award ceremony : ) with @元腾不会飞"
"347","折合了一下，发现120台币=24元人民币。好吧，现在的价格都疯到我完全不觉得这个价格很贵OTZ//@小面包_求黄君蓝君上剧: 其实ebay上所有卖家各种周边都是这个价~浴巾T恤什么的估计3倍都有了//@哇SRINA: 看了一下rX 真的是太扯了.白金那是l生了什NK案啊！台疟热旁rF.太扯了@群人"
"348","【天价改装458Italia流拍 轮圈价值百万美金】迈阿密改装品牌Latitude Wheels的一台改装法拉利458 Italia几周前被放到eBay拍卖，拍价近130万美元。而一台原厂458售价不过23万美金而已。Latitude称将车拍到如此高价是因此车轮圈就价值100万美元，但还是最终流拍了。"
"349","【仅售￥503.63 印度eBay网站现身“Lumia 920”】在eBay网站上发现了仅售4450卢布（折 合人民币503.63）的“Lumia 920”。这款型号为Lamia Model R920在界面上也采用了WP系统的方块设计，但是你别指望能够实现动态磁贴功能。"
"350","#电商名人堂#百姓网创始人王建硕，是著名的IT评论者、专栏作家。现任百姓网CEO兼总经理。2005年加入eBay，负责全权运作中国的分类广告网站。2005年3月1日，eBay在全球80个城市推出了线上分类信息站点，“百姓网”（原客齐集）作为其中之一在中中亮相，王建硕出任该项目的负责人."
"351","eBay s上卖岳母了：Cooks, cleans and washes cloths. Comes with pet dog sale is for 1 week only. She will cook clean and wash your clothes for 7 days. Purchaser must provide accommodation and supplies for meals. has a bad foot and is only available to a single story home in sydney"
"352","【SAP副总裁偷数千美元乐高积木】SAP整合和认证中心副总裁Thomas Langenbach因从商店内偷走了价值数千美元的乐高积木，被判关押一个月，软禁5个月，缓刑3年。为了能够低价拿到钟爱的乐高积木，他将自制的商品条码贴在了先前条码上，并成功地混过了收银台的检查，且通过ebay出售乐高积木赚得3万美元。"
"353","客观讲传说中那白衣胜雪的八十年代更多外围皮相上完成国人开眼看世界的新思潮启蒙，人们所看所闻无非最大路货的国外流行品，真正对西方尖儿货探囊取物搭桥者正是97年前后伊始的互联网民用化，人们扎堆在各论坛聊天室或自建站点，想想10年前半夜在ebay与yahoo与老外血拼一本书或一张CD的情形都热血不已"
"354","其实ebay上所有卖家各种周边都是这个价~浴巾T恤什么的估计3倍都有了//@哇SRINA: 看了一下rX 真的是太扯了......白金那是l生了什NK案啊！！！！！台疟热旁rF......太扯了@群人......"
"355","【SAP副总裁偷走数千美元乐高积木】SAP整合和认证中心副总裁Thomas Langenbach从商店内偷走了价值数千美元的――乐高积木。为了能够低价拿到钟爱的乐高积木，他将自制的商品条码贴在了先前条码上，并成功地混过了收银台的检查。他通过在ebay上出售乐高积木赚得了30000美元。"
"356","尼玛ebay mobile出问题了，发不了message好不容易找到双吃豆人细节图太少想要点都没法要，不敢下手啊"
"357","#科技前沿#【2015年-五个人的eBay故事（配中字）】唱片店老板Garret、收藏家Dimitri、精心准备约会的Annie……2015年，来自全球各地的五个人，背景不同、年龄各异，但他们拥有一个共同的世界：eBay。视频展现了eBay对线上线下商务的完美融合，以及全球化贸易的未来愿景。http://t.cn/zQ0gxi3"
"358","【二手iPhone 4价格上涨10% S3暴跌】投资公司Piper Jaffray自3月中旬以来一直在监测苹果和三星受欢迎的智能手机二手销售情况。数据显示自4月以来，二手iPhone 4在eBay上的售价上涨了10%，4S下降了11.85%，iPhone 5只下降了3.75%。而二手三星Galaxy S3售价暴跌27.32%，Note II的售价竟暴跌了35.54%。"
"359","发表了博文 《paypal是什么以及优势》 - PayPal是eBay旗下的一家公司，致力于让个人或企业通过电子邮件，安全、简单、便捷地实现在线付款和收款。PayPal账户是PayPal公司推出的最安 http://t.cn/zQ0d9ei"
"360","#创业志#【“现实版钢铁侠”伊隆・马斯克】1995年，创办公司Zip2，3亿美元卖给康柏公司；1998年创立PayPal，15亿卖给ebay；2002年创办航天公司SpaceX，成功发射史上第一艘私人公司飞船；2003年创办特斯拉，如今市值超过100亿美元；他还是去年上市的太阳能公司solarcity的创始人…http://t.cn/zQ0aQeh"
"361","右边的右边是曾经的同事？！//@yan10研食: //@-绯红-: ebay做到了 //@管理大师智慧:转发微博"
"362","《eBay的早期信号检测系统运行基于SAP HANA的机器学习与预测分析》 看看eBay如何利用基于SAP HANA的预测分析来增强他们的早期信号检测系统，从而让他们的市场人员获得虚拟经济方面... （分享自 @土豆科技） http://t.cn/zQ0uDxl"
"363","//@韩博惟hudson: 爽吧 抡起来能感觉到他的存在是吧，ebay买的吗？卖多少钱？ //@阿浆:刚买了一条韩老师这样的绳！很带劲！ //@泰拳刚猛GANGSTA: 我跳绳弱爆了，真的弱爆了，摔！！"
"364","@Emma_yangyoung @坎特伯雷主教 @EDISONQI @L歪歪不要缺木 @Kheer 我会告诉你们差一个就集齐的时候老麦换上蓝精灵？然后在ebay上淘了一个这种事我会乱说？"
"365","【阿里巴巴改变中国经济9个惊人事实】①2012年，淘宝网和天猫实现了11,000亿元人民币交易额，高于亚马逊和eBay交易量总和。②直接为24,000人提供岗位；③2012年，淘宝天猫双十一当天，阿里巴巴用13个小时38分钟贡献100亿GDP，超越了11年美国电子商务行业最高记录；④⑤...@电商宝 微信：dianshangplus"
"366","#杂志选摘#eBay，谷歌，Groupon、雅虎……为什么这些强大的互联网巨头在中国市场如此艰难？《斯隆管理评论》总结了四大失败因素：1）没有为中国消费者改进商业模式，2）执意要统一全球平台标准（eBay兼具这两点）；3）忽视竞争者（Groupon）；4）挑战中国官方（Google）。http://t.cn/zQpwxth"
"367","【《速度与激情2》三菱Evo 24.6万元起拍】曾在《速度与激情2》中出镜的绿色三菱Evo，里程数仅有884英里(约1358公里)。目前该车已在eBay拍卖起价3.9995万美元(约合人民币24.6万元)。"
"368","【黑莓Z10在eBay网站最高拍卖价达1775美元】2月2日消息，据国外媒体报道，黑莓公司的Z10智能手机目前在eBay网站的最高拍卖价格已达到1775美元，这也表明这款设备在美国市场的初期需求非常旺盛。按照计划，Z10将于今年3月在美国市场发售。"
"369","在eBay上买了一把车锁..看上去还不错..今天到家收到以后..我和小伙伴都惊呆了"
"370","ebay上面的东西真这么便宜？？iPhone耳机5美元，邮费3美元，总共不到60块，苹果官网买200多。。"
"371","//@-绯红-: ebay做到了 //@管理大师智慧:转发微博"
"372","#大数据# 【EMC大数据案例】烈日炎炎，发点大数字提神儿。①NYSE泛欧交易所用EMC软件每天处理交易20亿笔。②美联社用EMC访问的高清视频，两年内数据量将增长2.5PB。③LinkedIn用户在EMC平台搜索2012年超过53亿次。④eBay每天5亿对象文件在EMC架构上存储和处理。⑤谁能找出更多？ http://t.cn/zQ0QCXM"
"373","ebay做到了 //@管理大师智慧:转发微博"
"374","【第三方支付将添外资新丁 eBay难成第一家】7月1日讯，内有商业银行，外有支付公司获牌在即，第三方支付公司将面临更多挑战。据接近监管层人士透露，央行将在“不久后公布获得支付业务许可证的外资公司，最快会在7月内”，但有望拔得头筹的应该不是近期备受关注的eBay。"
"375","在ebay上买了教科书。。。。。。老美给我包了3层|||||||||||"
"376","IDA2012年年报显示其1033家客户公司雇员数已达152785人，其中2012全年新创造的就业机会达12722个，同时2012年爱尔兰客户的失业率达十年来最低。2013年上半年，包括Ebay, EMC, McAfee, Pfizer, Sanofi, Facebook在内的大量跨国企业已宣布将会继续加大在爱投资，创造更多就业机会。http://t.cn/zQawsCq"
"377","@非洲可乐乐 这这这！这得换人了吧 //@法兰小妞的浮世绘: @柳字辈的羽 @非洲可乐乐 @微笑的Jessica小姐 //@闷骚黄胖胖: @话痨杨小悦 //@来去之间:尽管他的收入和乐高积木已经够他用一生的了，但Langenbach同学还不知足――他还在网上卖这些偷来的东西。他通过在ebay上出售乐高积木赚得了30000"
"378","太可哿税~~~ebayu好F"
"379","【《速度与激情2》三菱Evo 24.6万元起拍】曾在《速度与激情2》中出镜的绿色三菱Evo，里程数仅有884英里(约1358公里)。目前该车已在eBay拍卖起价3.9995万美元(约合人民币24.6万元)。"
"380","#树元创业宝典#【“硅谷大神”伊隆・马斯克】伊隆・马斯克1995年创办公司Zip2，后3亿美元卖给康柏公司；1998年创立PayPal，后15亿卖给ebay；2002年创办航天公司SpaceX，成功发射史上第一艘私人公司飞船；2003年创办特斯拉，如今市值超过100亿美元；他还是5个儿子的父亲→http://t.cn/zQ0aQeh"
"381","【谷歌眼镜现身美国eBay 竞标价约合94800元】搜索巨头谷歌的硬件设备Google Glass能让你拍照片、录视频，并能查看信息。如果你想要一个，要不就成为它的开发者；要不就参加谷歌正在举办的一个活动，你得说明一下你会拿Glass做什么，然后加上“#ifihadglass”标签发在Google+或Twitter上。"
"382","【第三方支付将添外资新丁 eBay难成第一家】7月1日讯，内有商业银行，外有支付公司获牌在即，第三方支付公司将面临更多挑战。据接近监管层人士透露，央行将在“不久后公布获得支付业务许可证的外资公司，最快会在7月内”，但有望拔得头筹的应该不是近期备受关注的eBay。"
"383","【《速度与激情2》三菱Evo 24.6万元起拍】曾在《速度与激情2》中出镜的绿色三菱Evo，里程数仅有884英里(约1358公里)。目前该车已在eBay拍卖起价3.9995万美元(约合人民币24.6万元)。"
"384","。。。。。。//@来去之间: 尽管他的收入和乐高积木已经够他用一生的了，但Langenbach同学还不知足――他还在网上卖这些偷来的东西。他通过在ebay上出售乐高积木赚得了30000美元，而其账户TomsBrickyard的好评率也高达99.9%~~ //@李嵩波:也不说说如何失手的，我等岂敢盲目膜拜"
"385","【仅售￥503.63 印度eBay网站现身“Lumia 920”】在eBay网站上发现了仅售4450卢布（折 合人民币503.63）的“Lumia 920”。这款型号为Lamia Model R920在界面上也采用了WP系统的方块设计，但是你别指望能够实现动态磁贴功能。"
"386","ebay上魔声在清仓，铜涡轮不带麦$179，带麦$199。这个牌子不在我推荐范围内，不过这次价格不错，喜欢的自己去看http://t.cn/zQ0OLUw"
"387","【谷歌眼镜现身美国eBay 竞标价约合94800元】搜索巨头谷歌的硬件设备Google Glass能让你拍照片、录视频，并能查看信息。如果你想要一个，要不就成为它的开发者；要不就参加谷歌正在举办的一个活动，你得说明一下你会拿Glass做什么，然后加上“#ifihadglass”标签发在Google+或Twitter上。"
"388","很多人微信沃卡的营销举措不以为然，但本人对其看得很重，并将其定义为通信行业营销史上的一次大事件。沃达丰曾经与YouTube、Mysapce、Yahoo、Google、Ebay等互联网品牌合作，推广其3G业务，3G的市场推广上，品牌联合是很重要且很有效的手段，这一天迟迟没开始，直到微信沃。"
"389","#随手拍#这个都能点错.....看来Ebay确实没有淘宝好，连“七天无理由退货”的功能都木有....."
"390","【以假乱真 850i改装法拉利Enzo？】当我在ebay看到这个我就震惊了，刚开始还以为是在卖Enzo，仔细一看，5升宝马V12发动机，6速手动变速箱，400匹马力输出，外观方面已经可以和原厂匹敌，真正的高手在民间啊"
"391","【“硅谷大神”伊隆・马斯克】1995年，创办公司Zip2，后3亿美元卖给康柏公司；1998年创立PayPal，后15亿卖给ebay；2002年创办航天公司SpaceX，成功发射史上第一艘私人公司飞船；2003年创办特斯拉，如今市值超过100亿美元；他还是5个儿子的父亲(分别是一对双胞胎和三个三胞胎)→http://t.cn/zQ0aQeh"
"392","【“硅谷大神”伊隆・马斯克】1995年，创办公司Zip2，后3亿美元卖给康柏公司；1998年创立PayPal，后15亿卖给ebay；2002年创办航天公司SpaceX，成功发射史上第一艘私人公司飞船；2003年创办特斯拉，如今市值超过100亿美元；他还是5个儿子的父亲(分别是一对双胞胎和三个三胞胎)→http://t.cn/zQ0aQeh"
"393","用Google图片搜索了下几大网站（facebook Pk QQ，ebay PK 淘宝，amazon China PK 京东），搜索结果至少可以对UI设计启发是一方面。。。"
"394","想在ebay上买个东西还办银行卡，，都这个时代了哪门还这么麻烦！简直是，，"
"395","【5大咸鱼翻身的高科技公司】<U+2776>苹果：乔布斯重新掌权，毙掉苟延残喘的产品，促进和推动公司进行创新，把公司变成了一台赚钱机器；<U+2777>IBM：2005年将个人电脑业务剥离出售；<U+2778>惠普：削减成本；<U+2779>Priceline：重点放在酒店预订上，在海外进行拓展；<U+277A>eBay：移动支付服务PayPal 。"
"396","//@RaspberryMonster: //@来去之间: 尽管他的收入和乐高积木已经够他用一生的了，但Langenbach同学还不知足――他还在网上卖这些偷来的东西。他通过在ebay上出售乐高积木赚得了30000美元，而其账户TomsBrickyard的好评率也高达99.9%~~ //@李嵩波:也不说说如何失手的，我等岂敢盲目膜拜"
"397","额滴神呀ebay上卖水泳社的公式本要50刀 好贵啊买不起...等开学了谁谁去了庆应就可以用人肉搬运工了@同月同日翔桑31岁我21岁的狐狸 你懂的=3="
