"","word","freq"
"的","的",942
"ebay","ebay",494
"在","在",391
"了","了",293
"是","是",263
"上","上",189
"不","不",151
"我","我",146
"你","你",143
"和","和",142
"有","有",122
"就","就",108
"一个","一个",94
"公司","公司",89
"这","这",89
"c","c",83
"支付","支付",82
"卖","卖",79
"要","要",73
"还","还",72
"t","t",70
"将","将",69
"cn","cn",68
"http","http",68
"会","会",68
"2","2",65
"paypal","paypal",65
"眼镜","眼镜",65
"也","也",65
"能","能",60
"美国","美国",59
"淘","淘",59
"店","店",58
"与","与",58
"谷歌","谷歌",57
"人民币","人民币",57
"宝","宝",56
"广告","广告",56
"他","他",55
"可以","可以",54
"免费","免费",54
"到","到",53
"报刊","报刊",51
"iphone","iphone",49
"啊","啊",49
"拍卖","拍卖",49
"网站","网站",49
"这个","这个",49
"都","都",48
"而","而",48
"为","为",48
"人","人",47
"但","但",44
"对","对",44
"给","给",42
"市场","市场",42
"天","天",42
"大","大",40
"后","后",40
"猫","猫",40
"投资","投资",39
"只","只",39
"等","等",37
"买","买",37
"所以","所以",37
"推出","推出",37
"平台","平台",36
"出售","出售",35
"高","高",35
"媒体","媒体",35
"一","一",35
"自己","自己",35
"不过","不过",34
"很","很",34
"价格","价格",34
"收入","收入",34
"销售","销售",34
"阿里","阿里",33
"多","多",33
"二","二",33
"互联网","互联网",33
"看","看",33
"约","约",33
"被","被",32
"超过","超过",32
"零售商","零售商",32
"如果","如果",32
"手机","手机",32
"推","推",32
"中国","中国",32
"做","做",32
"得","得",31
"地方","地方",31
"购","购",31
"来","来",31
"让","让",31
"数据","数据",31
"用","用",31
"4","4",30
"本地","本地",30
"网上","网上",30
"已经","已经",30
"中","中",30
"好","好",29
"京东","京东",29
"唐","唐",29
"craigslist","craigslist",28
"org","org",28
"s","s",28
"吃掉","吃掉",28
"份额","份额",28
"黄页","黄页",28
"就要","就要",28
"抗衡","抗衡",28
"内","内",28
"去","去",28
"什么","什么",28
"时间","时间",28
"苏宁易","苏宁易",28
"3","3",27
"5","5",27
"a","a",27
"galaxy","galaxy",27
"变为","变为",27
"传统","传统",27
"过","过",27
"家","家",27
"牺牲品","牺牲品",27
"则","则",27
"0","0",26
"10","10",26
"google","google",26
"从","从",26
"拍","拍",26
"全球","全球",26
"系统","系统",26
"开发者","开发者",25
"前","前",25
"天使","天使",25
"现身","现身",25
"用户","用户",25
"真","真",25
"u","u",24
"成为","成为",24
"大多一","大多一",24
"东西","东西",24
"歌","歌",24
"个","个",24
"更","更",24
"还有","还有",24
"活动","活动",24
"或","或",24
"说","说",24
"现在","现在",24
"已","已",24
"优","优",24
"岳母","岳母",24
"并","并",23
"抵挡","抵挡",23
"龚文祥","龚文祥",23
"谷","谷",23
"价","价",23
"太","太",23
"投","投",23
"56.7万元","56.7万元",22
"把","把",22
"创","创",22
"服务","服务",22
"竞价","竞价",22
"据","据",22
"男子","男子",22
"他们","他们",22
"这件","这件",22
"ifihadglass","ifihadglass",21
"产品","产品",21
"第三方","第三方",21
"二手","二手",21
"发布","发布",21
"仅","仅",21
"卖家","卖家",21
"没","没",21
"其","其",21
"钱","钱",21
"然后","然后",21
"网","网",21
"一下","一下",21
"应该","应该",21
"1","1",20
"enzo","enzo",20
"glass","glass",20
"改装","改装",20
"看到","看到",20
"信息","信息",20
"宣布","宣布",20
"要不","要不",20
"7月","7月",19
"amazon","amazon",19
"v","v",19
"出","出",19
"碟","碟",19
"价值","价值",19
"售价","售价",19
"以","以",19
"约合","约合",19
"吧","吧",18
"比","比",18
"创办","创办",18
"达","达",18
"拿","拿",18
"苹果","苹果",18
"其他","其他",18
"外资","外资",18
"新","新",18
"遗骸","遗骸",18
"着","着",18
"阿里巴巴","阿里巴巴",17
"发","发",17
"功能","功能",17
"获得","获得",17
"进行","进行",17
"乐","乐",17
"狸","狸",17
"虽然","虽然",17
"未","未",17
"想","想",17
"报道","报道",16
"点","点",16
"接受","接受",16
"她","她",16
"款","款",16
"哦","哦",16
"人脸","人脸",16
"日前","日前",16
"识别","识别",16
"亚马逊","亚马逊",16
"一位","一位",16
"正","正",16
"z","z",15
"发现","发现",15
"分别","分别",15
"国外","国外",15
"货","货",15
"加上","加上",15
"吗","吗",15
"没有","没有",15
"设备","设备",15
"视频","视频",15
"受","受",15
"体验","体验",15
"微","微",15
"想要","想要",15
"消息","消息",15
"讯","讯",15
"英国","英国",15
"游戏","游戏",15
"自","自",15
"当","当",14
"电脑","电脑",14
"积木","积木",14
"纪念","纪念",14
"既","既",14
"巨头","巨头",14
"其中","其中",14
"汽车","汽车",14
"商品","商品",14
"搜索","搜索",14
"挑战","挑战",14
"通过","通过",14
"我们","我们",14
"消费者","消费者",14
"一直","一直",14
"于","于",14
"再","再",14
"曾经","曾经",14
"00","00",13
"6","6",13
"i","i",13
"帮","帮",13
"包","包",13
"包括","包括",13
"本","本",13
"法拉利","法拉利",13
"刚","刚",13
"公布","公布",13
"贵","贵",13
"技术","技术",13
"开始","开始",13
"买下","买下",13
"那","那",13
"牌","牌",13
"商","商",13
"售","售",13
"它","它",13
"头","头",13
"下","下",13
"鞋","鞋",13
"移动","移动",13
"员工","员工",13
"原厂","原厂",13
"正式","正式",13
"智能","智能",13
"终于","终于",13
"最","最",13
"最大","最大",13
"10%","10%",12
"12","12",12
"12万","12万",12
"90","90",12
"920","920",12
"newton","newton",12
"办法","办法",12
"盾","盾",12
"方面","方面",12
"搞","搞",12
"剑","剑",12
"今天","今天",12
"难","难",12
"旗下","旗下",12
"商店","商店",12
"实现","实现",12
"收","收",12
"收到","收到",12
"谁","谁",12
"速","速",12
"透明","透明",12
"相同","相同",12
"业务","业务",12
"一样","一样",12
"以及","以及",12
"应用","应用",12
"拥有","拥有",12
"有人","有人",12
"在线","在线",12
"这些","这些",12
"之","之",12
"转售","转售",12
"仔细","仔细",12
"总裁","总裁",12
"最高","最高",12
"000美元","000美元",11
"zq","zq",11
"帮助","帮助",11
"宝马","宝马",11
"成功","成功",11
"等待","等待",11
"电商","电商",11
"电子商务","电子商务",11
"发售","发售",11
"购买","购买",11
"关注","关注",11
"硅谷","硅谷",11
"后果","后果",11
"可","可",11
"民间","民间",11
"能够","能够",11
"拍照","拍照",11
"三星","三星",11
"商场","商场",11
"收藏","收藏",11
"手动","手动",11
"说明","说明",11
"外","外",11
"悉尼","悉尼",11
"下降","下降",11
"宣传","宣传",11
"也许","也许",11
"一台","一台",11
"赢家","赢家",11
"邮件","邮件",11
"真正","真正",11
"1775美元","1775美元",10
"1日","1日",10
"350万美元","350万美元",10
"400匹","400匹",10
"850","850",10
"8月","8月",10
"94800元","94800元",10
"jaffray","jaffray",10
"note","note",10
"piper","piper",10
"twitter","twitter",10
"x","x",10
"版本","版本",10
"变速箱","变速箱",10
"标价","标价",10
"标签","标签",10
"博","博",10
"参加","参加",10
"查看","查看",10
"迟早","迟早",10
"筹","筹",10
"创业","创业",10
"大家","大家",10
"第一家","第一家",10
"而已","而已",10
"发动机","发动机",10
"高手","高手",10
"个人","个人",10
"盒","盒",10
"黑","黑",10
"花","花",10
"接近","接近",10
"近日","近日",10
"竞标","竞标",10
"举办","举办",10
"觉得","觉得",10
"里","里",10
"录","录",10
"马力","马力",10
"么","么",10
"莓","莓",10
"美国市场","美国市场",10
"名","名",10
"冥王星","冥王星",10
"目前","目前",10
"匹敌","匹敌",10
"片","片",10
"起","起",10
"人士","人士",10
"上线","上线",10
"升","升",10
"输出","输出",10
"速度","速度",10
"提供","提供",10
"贴","贴",10
"偷","偷",10
"外观","外观",10
"完全","完全",10
"限制","限制",10
"央行","央行",10
"以假乱真","以假乱真",10
"以为","以为",10
"硬件","硬件",10
"震惊","震惊",10
"直接","直接",10
"主机","主机",10
"2006年","2006年",9
"32","32",9
"3月","3月",9
"458","458",9
"7","7",9
"bbc","bbc",9
"retail","retail",9
"爱","爱",9
"拔","拔",9
"备","备",9
"便宜","便宜",9
"表示","表示",9
"不久","不久",9
"采访","采访",9
"采用","采用",9
"层","层",9
"成","成",9
"出来","出来",9
"创立","创立",9
"打","打",9
"但是","但是",9
"当年","当年",9
"地","地",9
"放在","放在",9
"否则","否则",9
"各种各样","各种各样",9
"工作","工作",9
"够","够",9
"国内","国内",9
"获","获",9
"计划","计划",9
"监管","监管",9
"交还","交还",9
"叫","叫",9
"近期","近期",9
"竞争","竞争",9
"看过","看过",9
"科技","科技",9
"来自","来自",9
"立即","立即",9
"美","美",9
"们","们",9
"面临","面临",9
"命令","命令",9
"墓地","墓地",9
"尼斯","尼斯",9
"配","配",9
"品牌","品牌",9
"平板","平板",9
"其实","其实",9
"商业银行","商业银行",9
"时说","时说",9
"所有","所有",9
"添","添",9
"透露","透露",9
"新丁","新丁",9
"星","星",9
"许可证","许可证",9
"妖精","妖精",9
"一具","一具",9
"依靠","依靠",9
"以来","以来",9
"因为","因为",9
"有望","有望",9
"又","又",9
"愚人节","愚人节",9
"在即","在即",9
"曾","曾",9
"这样","这样",9
"自负","自负",9
"最快","最快",9
"110","110",8
"24.6万元","24.6万元",8
"503.63","503.63",8
"air","air",8
"associate","associate",8
"evo","evo",8
"hsg","hsg",8
"lumia","lumia",8
"platform","platform",8
"暴跌","暴跌",8
"带","带",8
"发展","发展",8
"公开","公开",8
"狗","狗",8
"话","话",8
"激情","激情",8
"绝不","绝不",8
"里程数","里程数",8
"理解","理解",8
"联系","联系",8
"零售","零售",8
"伦敦","伦敦",8
"模式","模式",8
"如今","如今",8
"三菱","三菱",8
"设计","设计",8
"市值","市值",8
"天价","天价",8
"同事","同事",8
"微软","微软",8
"问题","问题",8
"喜欢","喜欢",8
"显示","显示",8
"限量","限量",8
"银行","银行",8
"由于","由于",8
"月","月",8
"找到","找到",8
"这么","这么",8
"赚","赚",8
"走","走",8
"12家","12家",7
"1995年","1995年",7
"2005年","2005年",7
"24","24",7
"27","27",7
"and","and",7
"apple","apple",7
"youtube","youtube",7
"按照","按照",7
"北京","北京",7
"别","别",7
"不错","不错",7
"才","才",7
"测试","测试",7
"得到","得到",7
"等等","等等",7
"调查","调查",7
"懂","懂",7
"分享","分享",7
"辅助","辅助",7
"感觉","感觉",7
"高于","高于",7
"管理","管理",7
"很多","很多",7
"红","红",7
"厚","厚",7
"回","回",7
"回复","回复",7
"或者","或者",7
"机会","机会",7
"建立","建立",7
"今年","今年",7
"今日","今日",7
"开","开",7
"里士满","里士满",7
"起来","起来",7
"区的","区的",7
"全","全",7
"任何","任何",7
"史","史",7
"事","事",7
"所","所",7
"泰晤士河畔","泰晤士河畔",7
"特斯拉","特斯拉",7
"听","听",7
"图","图",7
"为什么","为什么",7
"西","西",7
"兴趣","兴趣",7
"行业","行业",7
"姓名","姓名",7
"一把","一把",7
"一家","一家",7
"一张","一张",7
"伊隆・马斯克","伊隆・马斯克",7
"原来","原来",7
"涨","涨",7
"转发","转发",7
"11.85%","11.85%",6
"15亿","15亿",6
"1998年","1998年",6
"19999美元","19999美元",6
"2012年","2012年",6
"27.32%","27.32%",6
"3.18公斤","3.18公斤",6
"3.75%","3.75%",6
"35.54%","35.54%",6
"3亿美元","3亿美元",6
"5.45公斤","5.45公斤",6
"5年","5年",6
"70","70",6
"ak","ak",6
"b","b",6
"big","big",6
"bush","bush",6
"data","data",6
"emc","emc",6
"facebook","facebook",6
"inc","inc",6
"italia","italia",6
"jordan","jordan",6
"latitude","latitude",6
"sap","sap",6
"spacex","spacex",6
"windows","windows",6
"yahoo","yahoo",6
"yum","yum",6
"zip","zip",6
"爱尔兰","爱尔兰",6
"版","版",6
"办","办",6
"暴雪","暴雪",6
"暴雪干","暴雪干",6
"编号","编号",6
"不能","不能",6
"查德","查德",6
"长剑","长剑",6
"扯","扯",6
"陈士骏","陈士骏",6
"称","称",6
"程序","程序",6
"出国","出国",6
"创建","创建",6
"创始人","创始人",6
"从未","从未",6
"达到","达到",6
"刀","刀",6
"盾牌","盾牌",6
"多少","多少",6
"而且","而且",6
"发射","发射",6
"方式","方式",6
"放到","放到",6
"飞船","飞船",6
"非常","非常",6
"分析","分析",6
"封底","封底",6
"该","该",6
"高价","高价",6
"跟","跟",6
"购物","购物",6
"股价","股价",6
"鼓吹","鼓吹",6
"光环","光环",6
"广大","广大",6
"航天","航天",6
"户外","户外",6
"画","画",6
"纪念品","纪念品",6
"降","降",6
"尽管","尽管",6
"近","近",6
"竟然","竟然",6
"军品","军品",6
"开价","开价",6
"看来","看来",6
"康柏公司","康柏公司",6
"刻有","刻有",6
"历史","历史",6
"两件","两件",6
"另","另",6
"流","流",6
"那个","那个",6
"你们","你们",6
"年会","年会",6
"拍卖价","拍卖价",6
"朋友","朋友",6
"七天","七天",6
"情况","情况",6
"圈","圈",6
"人生","人生",6
"商业","商业",6
"上涨","上涨",6
"使用","使用",6
"屎","屎",6
"世界","世界",6
"收藏家","收藏家",6
"售出","售出",6
"私密性","私密性",6
"私人","私人",6
"搜","搜",6
"图片","图片",6
"为了","为了",6
"侠","侠",6
"相关","相关",6
"小","小",6
"小时","小时",6
"呀","呀",6
"一枚","一枚",6
"异步","异步",6
"邮","邮",6
"账户","账户",6
"找","找",6
"蜘蛛","蜘蛛",6
"直销","直销",6
"中介","中介",6
"重量","重量",6
"准","准",6
"-佩","-佩",5
"100亿美元","100亿美元",5
"10万","10万",5
"11","11",5
"15500美元","15500美元",5
"1美元","1美元",5
"2002年","2002年",5
"2003年","2003年",5
"29岁","29岁",5
"2日","2日",5
"2台","2台",5
"2月","2月",5
"4月","4月",5
"5个","5个",5
"5只","5只",5
"666","666",5
"95267元","95267元",5
"aqeh","aqeh",5
"barbie","barbie",5
"butcher","butcher",5
"g","g",5
"geo","geo",5
"id","id",5
"ii","ii",5
"kidvid","kidvid",5
"langenbach","langenbach",5
"neo","neo",5
"pluto","pluto",5
"roar","roar",5
"sega","sega",5
"with","with",5
"安全","安全",5
"白","白",5
"表明","表明",5
"布什","布什",5
"差","差",5
"拆封","拆封",5
"长","长",5
"超","超",5
"超级","超级",5
"出去","出去",5
"初期","初期",5
"除此之外","除此之外",5
"戳","戳",5
"存在","存在",5
"大神","大神",5
"担子","担子",5
"第二","第二",5
"第一艘","第一艘",5
"掉","掉",5
"跌","跌",5
"多纳霍","多纳霍",5
"儿子","儿子",5
"房屋","房屋",5
"费","费",5
"封面","封面",5
"佛罗里达","佛罗里达",5
"父亲","父亲",5
"干掉","干掉",5
"购入","购入",5
"国","国",5
"罕见","罕见",5
"好多","好多",5
"好像","好像",5
"号","号",5
"合","合",5
"合作","合作",5
"火焰","火焰",5
"机","机",5
"嘉","嘉",5
"交易","交易",5
"经济","经济",5
"居住","居住",5
"可能","可能",5
"拉","拉",5
"老","老",5
"两台","两台",5
"聊天室","聊天室",5
"码","码",5
"买家","买家",5
"毛","毛",5
"梦幻","梦幻",5
"N","N",5
"难道","难道",5
"年","年",5
"欧","欧",5
"盘","盘",5
"企业","企业",5
"去年","去年",5
"全世界","全世界",5
"却","却",5
"群","群",5
"忍","忍",5
"仍","仍",5
"三","三",5
"三家","三家",5
"上面","上面",5
"少","少",5
"设计师","设计师",5
"生存","生存",5
"时候","时候",5
"世","世",5
"收藏品","收藏品",5
"双","双",5
"所有权","所有权",5
"套","套",5
"条","条",5
"跳蚤市场","跳蚤市场",5
"同时","同时",5
"玩","玩",5
"旺盛","旺盛",5
"未婚妻","未婚妻",5
"问世","问世",5
"希望","希望",5
"线","线",5
"新兵","新兵",5
"需求","需求",5
"选择","选择",5
"一款","一款",5
"一名","一名",5
"一年","一年",5
"一条","一条",5
"衣服","衣服",5
"印度","印度",5
"由","由",5
"原价","原价",5
"原型机","原型机",5
"折","折",5
"折合","折合",5
"之间","之间",5
"知道","知道",5
"致远","致远",5
"重","重",5
"准备","准备",5
"119","119",4
"1232万","1232万",4
"1358公里","1358公里",4
"140","140",4
"199.598万美元","199.598万美元",4
"1出","1出",4
"20","20",4
"2015年","2015年",4
"21","21",4
"26台","26台",4
"3.9995万美元","3.9995万美元",4
"4450","4450",4
"5款","5款",4
"884英里","884英里",4
"barnes","barnes",4
"china","china",4
"clk","clk",4
"com","com",4
"costa","costa",4
"evan","evan",4
"for","for",4
"gtr","gtr",4
"ipad","ipad",4
"lamia","lamia",4
"leopardos","leopardos",4
"mac","mac",4
"model","model",4
"noble","noble",4
"pinterest","pinterest",4
"qq","qq",4
"r","r",4
"slutpop","slutpop",4
"so","so",4
"szrrxu","szrrxu",4
"the","the",4
"to","to",4
"wp","wp",4
"you","you",4
"保值","保值",4
"报名","报名",4
"奔驰","奔驰",4
"蔽","蔽",4
"贬值率","贬值率",4
"伯爵","伯爵",4
"不敢","不敢",4
"不同","不同",4
"部分","部分",4
"查","查",4
"掺和","掺和",4
"车","车",4
"吃","吃",4
"出镜","出镜",4
"橱窗","橱窗",4
"处理","处理",4
"穿","穿",4
"创造","创造",4
"磁","磁",4
"大师","大师",4
"代工","代工",4
"单","单",4
"等到","等到",4
"低","低",4
"低于","低于",4
"递送","递送",4
"店铺","店铺",4
"动","动",4
"动态","动态",4
"而是","而是",4
"发生","发生",4
"方块","方块",4
"费用","费用",4
"分类","分类",4
"付款","付款",4
"副","副",4
"该车","该车",4
"该行","该行",4
"改变","改变",4
"干","干",4
"刚刚","刚刚",4
"岗位","岗位",4
"各种","各种",4
"挂","挂",4
"柜","柜",4
"核心","核心",4
"欢迎","欢迎",4
"环保","环保",4
"换","换",4
"机构","机构",4
"鸡蛋","鸡蛋",4
"及","及",4
"即便","即便",4
"季度","季度",4
"加","加",4
"加入","加入",4
"假","假",4
"简直","简直",4
"酵","酵",4
"界面","界面",4
"经过","经过",4
"惊人","惊人",4
"竟","竟",4
"看看","看看",4
"客","客",4
"客户","客户",4
"肯定","肯定",4
"跨境","跨境",4
"款型","款型",4
"老外","老外",4
"类似","类似",4
"两个","两个",4
"卢布","卢布",4
"绿色","绿色",4
"满","满",4
"梅赛德斯","梅赛德斯",4
"明星","明星",4
"某","某",4
"母亲","母亲",4
"哪","哪",4
"女婿","女婿",4
"欧洲","欧洲",4
"配送","配送",4
"评论","评论",4
"起价","起价",4
"起拍","起拍",4
"签名","签名",4
"前行","前行",4
"请","请",4
"求","求",4
"缺","缺",4
"人家","人家",4
"人们","人们",4
"认为","认为",4
"如此","如此",4
"如期","如期",4
"三个","三个",4
"商务","商务",4
"世间","世间",4
"是否","是否",4
"数千美元","数千美元",4
"算算","算算",4
"它们","它们",4
"台","台",4
"通常","通常",4
"投放","投放",4
"歪","歪",4
"完成","完成",4
"未来","未来",4
"味","味",4
"问","问",4
"五个","五个",4
"物品","物品",4
"相机","相机",4
"想法","想法",4
"效率","效率",4
"协议","协议",4
"信用卡","信用卡",4
"需要","需要",4
"一路","一路",4
"一天","一天",4
"因此","因此",4
"英里","英里",4
"预订","预订",4
"赠送","赠送",4
"照片","照片",4
"这种","这种",4
"证明","证明",4
"之一","之一",4
"支持","支持",4
"直","直",4
"值得","值得",4
"只能","只能",4
"纸","纸",4
"指数","指数",4
"指望","指望",4
"智慧","智慧",4
"中宏嘉","中宏嘉",4
"中心","中心",4
"注册","注册",4
"字","字",4
"最后","最后",4
"最近","最近",4
"最终","最终",4
"作为","作为",4
"做到","做到",4
"000","000",3
"000亿元","000亿元",3
"039","039",3
"100万美元","100万美元",3
"100亿","100亿",3
"130万美元","130万美元",3
"13个","13个",3
"199","199",3
"23日","23日",3
"23万美金","23万美金",3
"266","266",3
"30000美元","30000美元",3
"301","301",3
"360","360",3
"38分钟","38分钟",3
"3年","3年",3
"6月","6月",3
"8","8",3
"8%","8%",3
"9","9",3
"99","99",3
"9日","9日",3
"candy","candy",3
"ceo","ceo",3
"charge","charge",3
"conference","conference",3
"d","d",3
"de","de",3
"etsy","etsy",3
"flickr","flickr",3
"gdp","gdp",3
"hsgi","hsgi",3
"ios","ios",3
"mini","mini",3
"nicole","nicole",3
"nike","nike",3
"now","now",3
"of","of",3
"on","on",3
"pk","pk",3
"solemate","solemate",3
"us","us",3
"wheels","wheels",3
"zhang","zhang",3
"zqo","zqo",3
"zqwtocs","zqwtocs",3
"澳洲","澳洲",3
"白菜","白菜",3
"百万美金","百万美金",3
"百姓","百姓",3
"搬","搬",3
"扮演","扮演",3
"保证","保证",3
"报","报",3
"报告","报告",3
"爆","爆",3
"北美","北美",3
"比较","比较",3
"必须","必须",3
"便","便",3
"薄","薄",3
"不想","不想",3
"操","操",3
"场","场",3
"车轮","车轮",3
"城","城",3
"橙色","橙色",3
"冲动","冲动",3
"出现","出现",3
"传","传",3
"此","此",3
"次","次",3
"挫","挫",3
"错","错",3
"打电话","打电话",3
"打开","打开",3
"代购","代购",3
"带来","带来",3
"当初","当初",3
"当天","当天",3
"得奖","得奖",3
"地址","地址",3
"第一","第一",3
"第一代","第一代",3
"第一个","第一个",3
"定","定",3
"定义","定义",3
"独","独",3
"对话","对话",3
"对手","对手",3
"多年","多年",3
"呃","呃",3
"儿","儿",3
"发出","发出",3
"发疯","发疯",3
"方便","方便",3
"方法","方法",3
"放","放",3
"绯红","绯红",3
"凤凰","凤凰",3
"幅","幅",3
"负责人","负责人",3
"高端","高端",3
"各地","各地",3
"根本","根本",3
"工程师","工程师",3
"公道","公道",3
"贡献","贡献",3
"购物者","购物者",3
"古月","古月",3
"故事","故事",3
"挂牌","挂牌",3
"官","官",3
"官方","官方",3
"国际","国际",3
"国人","国人",3
"过来","过来",3
"海外","海外",3
"海啸","海啸",3
"嘿","嘿",3
"後","後",3
"环球网","环球网",3
"回来","回来",3
"机制","机制",3
"几周","几周",3
"寄","寄",3
"夹心","夹心",3
"兼","兼",3
"监测","监测",3
"交易额","交易额",3
"交易量","交易量",3
"角色","角色",3
"解决","解决",3
"今","今",3
"进","进",3
"禁令","禁令",3
"净利","净利",3
"镜头","镜头",3
"军区","军区",3
"卡","卡",3
"刻","刻",3
"控","控",3
"扣","扣",3
"来去","来去",3
"来说","来说",3
"蓝","蓝",3
"类","类",3
"里面","里面",3
"理由","理由",3
"链接","链接",3
"两年","两年",3
"零售店","零售店",3
"另外","另外",3
"留","留",3
"率","率",3
"轮圈","轮圈",3
"迈阿密","迈阿密",3
"麦","麦",3
"慢","慢",3
"贸易","贸易",3
"没法","没法",3
"每个","每个",3
"梦寐以求","梦寐以求",3
"米","米",3
"面试","面试",3
"面向","面向",3
"明显","明显",3
"膜拜","膜拜",3
"木","木",3
"那么","那么",3
"男","男",3
"男人","男人",3
"脑子","脑子",3
"呢","呢",3
"您","您",3
"平均","平均",3
"平米","平米",3
"前沿","前沿",3
"且","且",3
"球","球",3
"确实","确实",3
"惹","惹",3
"人数","人数",3
"认证","认证",3
"日子","日子",3
"容易","容易",3
"如","如",3
"如何","如何",3
"软件","软件",3
"弱","弱",3
"三胞胎","三胞胎",3
"三年","三年",3
"色","色",3
"上市","上市",3
"剩下","剩下",3
"失败","失败",3
"实际","实际",3
"实物","实物",3
"食","食",3
"使","使",3
"士官","士官",3
"事实","事实",3
"事实上","事实上",3
"收费","收费",3
"手","手",3
"首先","首先",3
"书","书",3
"数量","数量",3
"数字","数字",3
"甩掉","甩掉",3
"双胞胎","双胞胎",3
"双十一","双十一",3
"水","水",3
"算","算",3
"随手","随手",3
"他用","他用",3
"讨","讨",3
"特别","特别",3
"特色","特色",3
"提升","提升",3
"同","同",3
"同期","同期",3
"同学","同学",3
"同意","同意",3
"偷走","偷走",3
"网络","网络",3
"","",3
"文具","文具",3
"无","无",3
"西雅图","西雅图",3
"稀有","稀有",3
"系","系",3
"细节","细节",3
"下单","下单",3
"相","相",3
"相当","相当",3
"详情","详情",3
"向","向",3
"削减","削减",3
"消费","消费",3
"小分队","小分队",3
"小伙伴","小伙伴",3
"信","信",3
"选中","选中",3
"学习","学习",3
"研究","研究",3
"爷爷","爷爷",3
"页面","页面",3
"一般","一般",3
"一对","一对",3
"一拍即合","一拍即合",3
"一生","一生",3
"以后","以后",3
"以前","以前",3
"易","易",3
"易趣","易趣",3
"意义","意义",3
"嘤","嘤",3
"营","营",3
"优势","优势",3
"邮费","邮费",3
"邮箱","邮箱",3
"油","油",3
"有的","有的",3
"有点","有点",3
"有趣","有趣",3
"右边","右边",3
"于是","于是",3
"原","原",3
"原因","原因",3
"运","运",3
"运行","运行",3
"糟糕","糟糕",3
"早期","早期",3
"增长","增长",3
"帐号","帐号",3
"帐户","帐户",3
"账号","账号",3
"这里","这里",3
"正规","正规",3
"正好","正好",3
"正品","正品",3
"正在","正在",3
"之前","之前",3
"知足","知足",3
"只是","只是",3
"至","至",3
"钟头","钟头",3
"种","种",3
"重新","重新",3
"主意","主意",3
"专利","专利",3
"妆","妆",3
"总和","总和",3
"做饭","做饭",3
"000亿美金","000亿美金",2
"09","09",2
"11年","11年",2
"120","120",2
"13","13",2
"15","15",2
"17%","17%",2
"179","179",2
"18","18",2
"180","180",2
"18日","18日",2
"1999年","1999年",2
"200","200",2
"200美金","200美金",2
"2012","2012",2
"21日","21日",2
"21岁","21岁",2
"23","23",2
"249","249",2
"250","250",2
"277","277",2
"30","30",2
"350","350",2
"38","38",2
"3倍","3倍",2
"400多刀","400多刀",2
"50","50",2
"55","55",2
"56澳元","56澳元",2
"6%","6%",2
"60","60",2
"65","65",2
"6个","6个",2
"83","83",2
"93","93",2
"99.9%","99.9%",2
"9个","9个",2
"aliexpress","aliexpress",2
"android","android",2
"annie","annie",2
"at","at",2
"available","available",2
"bad","bad",2
"ball","ball",2
"bill","bill",2
"black","black",2
"brightside","brightside",2
"calleja","calleja",2
"cd","cd",2
"cm","cm",2
"collections","collections",2
"consumer","consumer",2
"cute","cute",2
"daniel","daniel",2
"dimitri","dimitri",2
"donahoe","donahoe",2
"dvd","dvd",2
"fear","fear",2
"garret","garret",2
"glowlight","glowlight",2
"groupon","groupon",2
"gxi","gxi",2
"hana","hana",2
"home","home",2
"htt","htt",2
"ibm","ibm",2
"in","in",2
"is","is",2
"it","it",2
"john","john",2
"lee","lee",2
"life","life",2
"littlejinnee","littlejinnee",2
"macbook","macbook",2
"mart","mart",2
"mr","mr",2
"ms","ms",2
"musk","musk",2
"my","my",2
"n","n",2
"nook","nook",2
"o","o",2
"off","off",2
"oj","oj",2
"only","only",2
"phone","phone",2
"pos","pos",2
"q","q",2
"qaq","qaq",2
"quota","quota",2
"rd","rd",2
"rina","rina",2
"row","row",2
"samtien","samtien",2
"santana","santana",2
"saturday","saturday",2
"scheduled","scheduled",2
"simple","simple",2
"taobao","taobao",2
"thea","thea",2
"thomas","thomas",2
"tm","tm",2
"tomsbrickyard","tomsbrickyard",2
"touch","touch",2
"ued","ued",2
"uv","uv",2
"wal","wal",2
"www","www",2
"xbox","xbox",2
"yan","yan",2
"zqjhwmm","zqjhwmm",2
"zqlshx","zqlshx",2
"zqosmgd","zqosmgd",2
"zqouqra","zqouqra",2
"zqouqrw","zqouqrw",2
"zqw","zqw",2
"嗳","嗳",2
"案例","案例",2
"澳","澳",2
"巴黎","巴黎",2
"罢","罢",2
"白金","白金",2
"白面","白面",2
"败家","败家",2
"半天","半天",2
"棒","棒",2
"宝网","宝网",2
"保护","保护",2
"报价","报价",2
"悲剧","悲剧",2
"背景","背景",2
"本来","本来",2
"本身","本身",2
"逼","逼",2
"鼻","鼻",2
"比日","比日",2
"必要","必要",2
"便捷","便捷",2
"变革","变革",2
"变化","变化",2
"标准","标准",2
"表演","表演",2
"并且","并且",2
"博文","博文",2
"博主","博主",2
"不管","不管",2
"不好意思","不好意思",2
"不了","不了",2
"不然","不然",2
"不让","不让",2
"不同于","不同于",2
"不要","不要",2
"不在","不在",2
"部门","部门",2
"才买","才买",2
"财","财",2
"采取","采取",2
"残","残",2
"惨案","惨案",2
"仓储","仓储",2
"操作系统","操作系统",2
"测光","测光",2
"馋嘴","馋嘴",2
"尝试","尝试",2
"厂","厂",2
"唱片","唱片",2
"唱响","唱响",2
"超越","超越",2
"朝","朝",2
"炒","炒",2
"车网","车网",2
"吃货","吃货",2
"出版","出版",2
"触","触",2
"传说","传说",2
"创新","创新",2
"唇膏","唇膏",2
"慈善","慈善",2
"从而","从而",2
"催","催",2
"打造","打造",2
"大部分","大部分",2
"大概","大概",2
"大型","大型",2
"呆","呆",2
"单层","单层",2
"蛋","蛋",2
"当地","当地",2
"当前","当前",2
"当然","当然",2
"当时","当时",2
"导致","导致",2
"倒","倒",2
"到期","到期",2
"得多","得多",2
"德","德",2
"德国","德国",2
"的确","的确",2
"低价","低价",2
"底","底",2
"地点","地点",2
"第一点","第一点",2
"点击","点击",2
"电","电",2
"电子","电子",2
"电子书","电子书",2
"电子邮件","电子邮件",2
"店老板","店老板",2
"丁辰","丁辰",2
"斗争","斗争",2
"杜鲁门","杜鲁门",2
"度","度",2
"端线","端线",2
"对象","对象",2
"对于","对于",2
"囤","囤",2
"多久","多久",2
"发表","发表",2
"发货","发货",2
"法","法",2
"法国","法国",2
"番","番",2
"翻新","翻新",2
"范围","范围",2
"房子","房子",2
"访问","访问",2
"非洲","非洲",2
"疯","疯",2
"服","服",2
"附近","附近",2
"敢","敢",2
"感","感",2
"感谢","感谢",2
"橄榄绿","橄榄绿",2
"哥哥","哥哥",2
"各","各",2
"各异","各异",2
"工艺","工艺",2
"公","公",2
"共同","共同",2
"估计","估计",2
"顾客","顾客",2
"观点","观点",2
"闺","闺",2
"诡","诡",2
"滚","滚",2
"国防","国防",2
"哈","哈",2
"嗨","嗨",2
"海","海",2
"喊","喊",2
"好不容易","好不容易",2
"好评","好评",2
"呵","呵",2
"合理","合理",2
"黑字","黑字",2
"华盛顿","华盛顿",2
"化妆","化妆",2
"画家","画家",2
"还要","还要",2
"缓慢","缓慢",2
"回忆","回忆",2
"混","混",2
"机器","机器",2
"基于","基于",2
"即","即",2
"极大","极大",2
"几个","几个",2
"几年","几年",2
"几天","几天",2
"计算","计算",2
"记录","记录",2
"纪录片","纪录片",2
"技巧","技巧",2
"继续","继续",2
"M","M",2
"佳能","佳能",2
"价钱","价钱",2
"假货","假货",2
"尖儿","尖儿",2
"艰难","艰难",2
"检测","检测",2
"检查","检查",2
"简单","简单",2
"见","见",2
"建议","建议",2
"交","交",2
"叫价","叫价",2
"接","接",2
"接到","接到",2
"节奏","节奏",2
"结果","结果",2
"姐","姐",2
"姐姐","姐姐",2
"经理","经理",2
"经历","经历",2
"精心","精心",2
"景","景",2
"竞","竞",2
"竞拍","竞拍",2
"就业","就业",2
"居然","居然",2
"据说","据说",2
"决定","决定",2
"觉","觉",2
"开发","开发",2
"开设","开设",2
"刊","刊",2
"坎大哈","坎大哈",2
"考虑","考虑",2
"科比","科比",2
"科蜜","科蜜",2
"可爱","可爱",2
"可乐","可乐",2
"可是","可是",2
"克莱亚","克莱亚",2
"坑","坑",2
"口子","口子",2
"快报","快报",2
"烂","烂",2
"廊","廊",2
"老师","老师",2
"老子","老子",2
"李成东","李成东",2
"李嵩波","李嵩波",2
"历程","历程",2
"连","连",2
"联","联",2
"两者","两者",2
"了解","了解",2
"灵","灵",2
"灵活","灵活",2
"领域","领域",2
"令","令",2
"流行","流行",2
"陆续","陆续",2
"论坛","论坛",2
"洛杉矶","洛杉矶",2
"麻烦","麻烦",2
"嘛","嘛",2
"买不起","买不起",2
"买方","买方",2
"满意","满意",2
"盲目","盲目",2
"每年","每年",2
"每天","每天",2
"美丽","美丽",2
"门户","门户",2
"猛","猛",2
"蜜","蜜",2
"免","免",2
"描述","描述",2
"摸","摸",2
"某类","某类",2
"目下","目下",2
"那时","那时",2
"挠","挠",2
"脑","脑",2
"嗯","嗯",2
"年度","年度",2
"年龄","年龄",2
"娘","娘",2
"妞","妞",2
"牛","牛",2
"努力","努力",2
"呕吐","呕吐",2
"排他","排他",2
"牌照","牌照",2
"旁边","旁边",2
"跑","跑",2
"碰到","碰到",2
"票","票",2
"破","破",2
"铺","铺",2
"曝","曝",2
"七号","七号",2
"齐","齐",2
"岂敢","岂敢",2
"起名","起名",2
"签","签",2
"前景","前景",2
"强大","强大",2
"亲","亲",2
"清","清",2
"清洁","清洁",2
"球员","球员",2
"全部","全部",2
"全球化","全球化",2
"全员","全员",2
"却是","却是",2
"确认","确认",2
"人员","人员",2
"认同","认同",2
"容","容",2
"融合","融合",2
"肉","肉",2
"入门","入门",2
"瑞士","瑞士",2
"骚","骚",2
"扫","扫",2
"傻瓜","傻瓜",2
"上升","上升",2
"上网","上网",2
"尚","尚",2
"少数","少数",2
"社交","社交",2
"身","身",2
"生活","生活",2
"声","声",2
"省钱","省钱",2
"失手","失手",2
"狮","狮",2
"什","什",2
"时","时",2
"时期","时期",2
"是因为","是因为",2
"收购","收购",2
"收款","收款",2
"收银台","收银台",2
"手工","手工",2
"手头紧","手头紧",2
"手写","手写",2
"手续费","手续费",2
"授权","授权",2
"叔叔","叔叔",2
"摔","摔",2
"瞬间","瞬间",2
"说说","说说",2
"思维","思维",2
"撕开","撕开",2
"死命","死命",2
"四","四",2
"似乎","似乎",2
"送","送",2
"随身","随身",2
"随时","随时",2
"锁","锁",2
"提出","提出",2
"提高","提高",2
"添加","添加",2
"条码","条码",2
"童鞋","童鞋",2
"土豆","土豆",2
"推广","推广",2
"推荐","推荐",2
"退出","退出",2
"退货","退货",2
"乇","乇",2
"妥","妥",2
"哇","哇",2
"外国","外国",2
"外贸","外贸",2
"完美","完美",2
"晚上","晚上",2
"王建硕","王建硕",2
"网友","网友",2
"忘记","忘记",2
"围观","围观",2
"伟大","伟大",2
"卫生","卫生",2
"喂","喂",2
"闻","闻",2
"我等","我等",2
"无法","无法",2
"物流","物流",2
"膝盖","膝盖",2
"系列","系列",2
"下跌","下跌",2
"下滑","下滑",2
"先","先",2
"先前","先前",2
"现任","现任",2
"现有","现有",2
"线下","线下",2
"相信","相信",2
"香港","香港",2
"翔","翔",2
"想想","想想",2
"项目","项目",2
"像是","像是",2
"销","销",2
"效果","效果",2
"鞋子","鞋子",2
"心","心",2
"信号","信号",2
"行","行",2
"行情","行情",2
"需","需",2
"恤","恤",2
"雪","雪",2
"雪梨","雪梨",2
"迅速","迅速",2
"研","研",2
"眼","眼",2
"痒","痒",2
"邀请","邀请",2
"夜光","夜光",2
"一2012年","一2012年",2
"一个一个","一个一个",2
"一间","一间",2
"一双","一双",2
"一头","一头",2
"一箱","一箱",2
"一些","一些",2
"一只","一只",2
"移民","移民",2
"以下","以下",2
"意大利","意大利",2
"印象","印象",2
"营销","营销",2
"影响","影响",2
"游戏机","游戏机",2
"友好","友好",2
"有些","有些",2
"余额","余额",2
"语音","语音",2
"浴巾","浴巾",2
"预测","预测",2
"预算","预算",2
"元","元",2
"圆形","圆形",2
"愿","愿",2
"约会","约会",2
"阅读器","阅读器",2
"允许","允许",2
"运送","运送",2
"再次","再次",2
"咱们","咱们",2
"赞","赞",2
"怎","怎",2
"展现","展现",2
"战略","战略",2
"站点","站点",2
"章子","章子",2
"丈母娘","丈母娘",2
"这边","这边",2
"这儿","这儿",2
"这位","这位",2
"真的","真的",2
"真心","真心",2
"阵容","阵容",2
"整合","整合",2
"只要","只要",2
"只用","只用",2
"至少","至少",2
"致力","致力",2
"中关村","中关村",2
"中旬","中旬",2
"中止","中止",2
"钟爱","钟爱",2
"周边","周边",2
"周四","周四",2
"主","主",2
"属于","属于",2
"煮饭","煮饭",2
"专卖店","专卖店",2
"专业","专业",2
"转","转",2
"转战","转战",2
"赚钱","赚钱",2
"追溯","追溯",2
"准确","准确",2
"自从","自从",2
"自用","自用",2
"自制","自制",2
"综合","综合",2
"总","总",2
"总监","总监",2
"走访","走访",2
"尊重","尊重",2
"做法","做法",2
"0.28%","0.28%",1
"0.5%","0.5%",1
"0.6%","0.6%",1
"04","04",1
"04年","04年",1
"05刀","05刀",1
"08","08",1
"1%","1%",1
"1.8","1.8",1
"10%左右","10%左右",1
"10.31%","10.31%",1
"100","100",1
"1000","1000",1
"1000万","1000万",1
"101","101",1
"102","102",1
"1025","1025",1
"103","103",1
"1033家","1033家",1
"104","104",1
"105","105",1
"106","106",1
"106.48美元","106.48美元",1
"107","107",1
"108","108",1
"109","109",1
"10年","10年",1
"10日","10日",1
"10岁","10岁",1
"10天","10天",1
"10万日元","10万日元",1
"111","111",1
"112","112",1
"113","113",1
"114","114",1
"115","115",1
"116","116",1
"117","117",1
"118","118",1
"11月","11月",1
"1200万","1200万",1
"121","121",1
"122","122",1
"123","123",1
"124","124",1
"125","125",1
"126","126",1
"127","127",1
"12722个","12722个",1
"1277.50美元","1277.50美元",1
"128","128",1
"129","129",1
"12月","12月",1
"13.3","13.3",1
"130","130",1
"1300","1300",1
"131","131",1
"132","132",1
"133","133",1
"134","134",1
"135","135",1
"136","136",1
"137","137",1
"138","138",1
"139","139",1
"14","14",1
"14%","14%",1
"141","141",1
"142","142",1
"143","143",1
"144","144",1
"145","145",1
"146","146",1
"147","147",1
"148","148",1
"149","149",1
"1499","1499",1
"150","150",1
"151","151",1
"152","152",1
"152785","152785",1
"153","153",1
"154","154",1
"1549","1549",1
"155","155",1
"156","156",1
"157","157",1
"158","158",1
"159","159",1
"15款","15款",1
"16","16",1
"160","160",1
"161","161",1
"162","162",1
"163","163",1
"164","164",1
"165","165",1
"166","166",1
"167","167",1
"168","168",1
"169","169",1
"169.99","169.99",1
"17","17",1
"170","170",1
"171","171",1
"172","172",1
"173","173",1
"174","174",1
"175","175",1
"176","176",1
"177","177",1
"178","178",1
"17日","17日",1
"18%","18%",1
"181","181",1
"182","182",1
"183","183",1
"184","184",1
"185","185",1
"186","186",1
"187","187",1
"188","188",1
"189","189",1
"19","19",1
"190","190",1
"191","191",1
"192","192",1
"193","193",1
"194","194",1
"195","195",1
"196","196",1
"197","197",1
"1972年","1972年",1
"198","198",1
"1985","1985",1
"1号","1号",1
"1件","1件",1
"2.5","2.5",1
"2.5亿美元","2.5亿美元",1
"2000年","2000年",1
"2002","2002",1
"2003","2003",1
"2007年","2007年",1
"2009年","2009年",1
"200刀","200刀",1
"200多","200多",1
"200亿美元","200亿美元",1
"201","201",1
"2010","2010",1
"2011年","2011年",1
"2013","2013",1
"2013.8.8","2013.8.8",1
"2013年","2013年",1
"202","202",1
"2022","2022",1
"203","203",1
"204","204",1
"205","205",1
"206","206",1
"207","207",1
"208","208",1
"209","209",1
"20多次","20多次",1
"20个","20个",1
"20美金","20美金",1
"20日","20日",1
"20亿笔","20亿笔",1
"210","210",1
"211","211",1
"212","212",1
"213","213",1
"214","214",1
"215","215",1
"216","216",1
"217","217",1
"218","218",1
"219","219",1
"22","22",1
"220","220",1
"221","221",1
"222","222",1
"223","223",1
"224","224",1
"225","225",1
"226","226",1
"227","227",1
"228","228",1
"229","229",1
"230","230",1
"231","231",1
"232","232",1
"233","233",1
"234","234",1
"235","235",1
"236","236",1
"237","237",1
"238","238",1
"239","239",1
"23款","23款",1
"240","240",1
"241","241",1
"242","242",1
"243","243",1
"244","244",1
"245","245",1
"246","246",1
"247","247",1
"248","248",1
"24元","24元",1
"25","25",1
"25%","25%",1
"250美金","250美金",1
"251","251",1
"252","252",1
"253","253",1
"254","254",1
"255","255",1
"256","256",1
"257","257",1
"258","258",1
"259","259",1
"25刀","25刀",1
"26","26",1
"260","260",1
"261","261",1
"262","262",1
"263","263",1
"264","264",1
"265","265",1
"267","267",1
"268","268",1
"269","269",1
"26日","26日",1
"27%","27%",1
"270","270",1
"271","271",1
"272","272",1
"273","273",1
"274","274",1
"275","275",1
"276","276",1
"2776","2776",1
"2777","2777",1
"2778","2778",1
"2779","2779",1
"278","278",1
"279","279",1
"28","28",1
"28.75英镑","28.75英镑",1
"280","280",1
"281","281",1
"282","282",1
"283","283",1
"284","284",1
"285","285",1
"286","286",1
"287","287",1
"288","288",1
"289","289",1
"29","29",1
"29%","29%",1
"290","290",1
"291","291",1
"292","292",1
"293","293",1
"294","294",1
"295","295",1
"296","296",1
"297","297",1
"298","298",1
"299","299",1
"2款","2款",1
"2年","2年",1
"3%","3%",1
"3.05刀","3.05刀",1
"300","300",1
"30000","30000",1
"302","302",1
"303","303",1
"304","304",1
"305","305",1
"306","306",1
"307","307",1
"308","308",1
"309","309",1
"30分","30分",1
"30天","30天",1
"31","31",1
"310","310",1
"311","311",1
"312","312",1
"313","313",1
"314","314",1
"315","315",1
"316","316",1
"317","317",1
"318","318",1
"319","319",1
"31岁","31岁",1
"320","320",1
"321","321",1
"322","322",1
"323","323",1
"324","324",1
"325","325",1
"326","326",1
"327","327",1
"328","328",1
"329","329",1
"33","33",1
"330","330",1
"331","331",1
"332","332",1
"333","333",1
"334","334",1
"335","335",1
"336","336",1
"337","337",1
"338","338",1
"339","339",1
"34","34",1
"340","340",1
"341","341",1
"342","342",1
"343","343",1
"344","344",1
"345","345",1
"346","346",1
"347","347",1
"348","348",1
"349","349",1
"35","35",1
"351","351",1
"352","352",1
"353","353",1
"354","354",1
"355","355",1
"356","356",1
"357","357",1
"358","358",1
"359","359",1
"36","36",1
"360度","360度",1
"361","361",1
"362","362",1
"363","363",1
"364","364",1
"365","365",1
"366","366",1
"367","367",1
"368","368",1
"369","369",1
"37","37",1
"370","370",1
"371","371",1
"372","372",1
"373","373",1
"374","374",1
"375","375",1
"376","376",1
"377","377",1
"378","378",1
"379","379",1
"38.77亿美元","38.77亿美元",1
"380","380",1
"381","381",1
"382","382",1
"383","383",1
"384","384",1
"385","385",1
"386","386",1
"387","387",1
"388","388",1
"389","389",1
"39","39",1
"390","390",1
"391","391",1
"392","392",1
"393","393",1
"394","394",1
"395","395",1
"396","396",1
"397","397",1
"3层","3层",1
"3个","3个",1
"3美元","3美元",1
"3万美元","3万美元",1
"3位","3位",1
"40","40",1
"400","400",1
"41","41",1
"42","42",1
"43","43",1
"44","44",1
"447570683","447570683",1
"45","45",1
"46","46",1
"47","47",1
"48","48",1
"49","49",1
"4个","4个",1
"5.96%","5.96%",1
"5000出","5000出",1
"50刀","50刀",1
"51","51",1
"52","52",1
"53","53",1
"53.96美元","53.96美元",1
"530","530",1
"53亿次","53亿次",1
"54","54",1
"55套","55套",1
"56","56",1
"57","57",1
"58","58",1
"59","59",1
"5美元","5美元",1
"5日","5日",1
"5亿","5亿",1
"6.40亿美元","6.40亿美元",1
"6.92亿美元","6.92亿美元",1
"60块","60块",1
"61","61",1
"62","62",1
"626971","626971",1
"63","63",1
"64","64",1
"650","650",1
"66","66",1
"67","67",1
"68","68",1
"69","69",1
"6刀","6刀",1
"6号","6号",1
"6款","6款",1
"700","700",1
"71","71",1
"72","72",1
"73","73",1
"74","74",1
"75","75",1
"750","750",1
"76","76",1
"77","77",1
"777","777",1
"78","78",1
"79","79",1
"8.5","8.5",1
"80","80",1
"800","800",1
"800刀","800刀",1
"800亿美金","800亿美金",1
"80个","80个",1
"81","81",1
"82","82",1
"84","84",1
"85","85",1
"86","86",1
"87","87",1
"88","88",1
"89","89",1
"8点","8点",1
"8年","8年",1
"8日","8日",1
"8台","8台",1
"9%","9%",1
"9.5英寸","9.5英寸",1
"900刀","900刀",1
"90刀","90刀",1
"90天","90天",1
"91","91",1
"91英镑","91英镑",1
"92","92",1
"929.99","929.99",1
"94","94",1
"95","95",1
"96","96",1
"97","97",1
"97年","97年",1
"98","98",1
"980","980",1
"99%","99%",1
"99年","99年",1
"abholung","abholung",1
"accommodation","accommodation",1
"adpersonin","adpersonin",1
"ae","ae",1
"akimuu","akimuu",1
"alex","alex",1
"all","all",1
"always","always",1
"am","am",1
"amber","amber",1
"amiami","amiami",1
"angela","angela",1
"any","any",1
"anytime","anytime",1
"anyway","anyway",1
"anywhere","anywhere",1
"are","are",1
"armory","armory",1
"around","around",1
"ashley","ashley",1
"assa","assa",1
"asus","asus",1
"auction","auction",1
"award","award",1
"bag","bag",1
"barrau","barrau",1
"barzahlen","barzahlen",1
"bbbryan","bbbryan",1
"bbs","bbs",1
"bcbgmaxazria","bcbgmaxazria",1
"bei","bei",1
"best","best",1
"boots","boots",1
"breaking","breaking",1
"bridge","bridge",1
"bringnova","bringnova",1
"broadway","broadway",1
"bug","bug",1
"buyers","buyers",1
"canon","canon",1
"card","card",1
"carmenluo","carmenluo",1
"cases","cases",1
"category","category",1
"ceremony","ceremony",1
"cj","cj",1
"clean","clean",1
"cleans","cleans",1
"clothes","clothes",1
"cloths","cloths",1
"clyde","clyde",1
"comes","comes",1
"compared","compared",1
"connor","connor",1
"contact","contact",1
"cook","cook",1
"cooks","cooks",1
"cs","cs",1
"csc","csc",1
"cto","cto",1
"cv","cv",1
"day","day",1
"days","days",1
"dced","dced",1
"del","del",1
"deliveries","deliveries",1
"delivery","delivery",1
"desktop","desktop",1
"dianshangplus","dianshangplus",1
"diy","diy",1
"dog","dog",1
"dorsey","dorsey",1
"douglas","douglas",1
"dp","dp",1
"dress","dress",1
"drive","drive",1
"e","e",1
"early","early",1
"edisonqi","edisonqi",1
"ei","ei",1
"elon","elon",1
"elph","elph",1
"emma","emma",1
"enjoyz","enjoyz",1
"expands","expands",1
"expensive","expensive",1
"fancy","fancy",1
"feedback","feedback",1
"few","few",1
"fire","fire",1
"foamposite","foamposite",1
"foot","foot",1
"force","force",1
"fou","fou",1
"fr","fr",1
"from","from",1
"fry","fry",1
"ftf","ftf",1
"fucking","fucking",1
"gangsta","gangsta",1
"gb","gb",1
"gift","gift",1
"goya","goya",1
"growl","growl",1
"gsurface","gsurface",1
"h","h",1
"hands","hands",1
"has","has",1
"have","have",1
"here","here",1
"hey","hey",1
"hi","hi",1
"high","high",1
"him","him",1
"hot","hot",1
"hs","hs",1
"huarache","huarache",1
"huaruache","huaruache",1
"hudson","hudson",1
"ian","ian",1
"icq","icq",1
"ida","ida",1
"inch","inch",1
"intel","intel",1
"interface","interface",1
"internship","internship",1
"ipod","ipod",1
"itc","itc",1
"items","items",1
"jack","jack",1
"jap","jap",1
"java","java",1
"jb","jb",1
"jcb","jcb",1
"jeans","jeans",1
"jereson","jereson",1
"jessica","jessica",1
"jk","jk",1
"jp","jp",1
"just","just",1
"kate","kate",1
"kc","kc",1
"kd","kd",1
"ken","ken",1
"kevin","kevin",1
"kevinmadidi","kevinmadidi",1
"kheer","kheer",1
"kmart","kmart",1
"kobe","kobe",1
"kon","kon",1
"l","l",1
"laptop","laptop",1
"last","last",1
"limits","limits",1
"linkedin","linkedin",1
"lkb","lkb",1
"lms","lms",1
"location","location",1
"logo","logo",1
"loki","loki",1
"long","long",1
"low","low",1
"luckynighttheryan","luckynighttheryan",1
"m","m",1
"mad","mad",1
"made","made",1
"magic","magic",1
"many","many",1
"manzoku","manzoku",1
"mao","mao",1
"mars","mars",1
"mayo","mayo",1
"mcafee","mcafee",1
"mccomb","mccomb",1
"me","me",1
"meals","meals",1
"medium","medium",1
"mengmeng","mengmeng",1
"message","message",1
"mibile","mibile",1
"michele","michele",1
"microsystems","microsystems",1
"mlgb","mlgb",1
"mobile","mobile",1
"money","money",1
"much","much",1
"must","must",1
"mysapce","mysapce",1
"nba","nba",1
"net","net",1
"nexus","nexus",1
"nigeria","nigeria",1
"nightaria","nightaria",1
"nk","nk",1
"nnd","nnd",1
"nothing","nothing",1
"nowadays","nowadays",1
"nvca","nvca",1
"nyse","nyse",1
"nz","nz",1
"oh","oh",1
"oicq","oicq",1
"olive","olive",1
"oluw","oluw",1
"one","one",1
"orange","orange",1
"orz","orz",1
"otz","otz",1
"ozel","ozel",1
"p","p",1
"pb","pb",1
"pe","pe",1
"penny","penny",1
"pet","pet",1
"pfizer","pfizer",1
"pool","pool",1
"porter","porter",1
"portrait","portrait",1
"postage","postage",1
"price","price",1
"priceline","priceline",1
"prm","prm",1
"pro","pro",1
"project","project",1
"provide","provide",1
"provision","provision",1
"purchaser","purchaser",1
"qcxm","qcxm",1
"rard","rard",1
"raspberrymonster","raspberrymonster",1
"red","red",1
"resist","resist",1
"retro","retro",1
"review","review",1
"river","river",1
"safari","safari",1
"saimjj","saimjj",1
"sale","sale",1
"sample","sample",1
"samsung","samsung",1
"sanofi","sanofi",1
"sara","sara",1
"say","say",1
"sellers","sellers",1
"sequoia","sequoia",1
"series","series",1
"service","service",1
"sf","sf",1
"she","she",1
"sherry","sherry",1
"shirt","shirt",1
"shopping","shopping",1
"shorts","shorts",1
"si","si",1
"single","single",1
"slate","slate",1
"snape","snape",1
"snipe","snipe",1
"snipers","snipers",1
"sogego","sogego",1
"solarcity","solarcity",1
"sold","sold",1
"spade","spade",1
"square","square",1
"ss","ss",1
"stine","stine",1
"stoneham","stoneham",1
"store","store",1
"story","story",1
"sun","sun",1
"supplies","supplies",1
"suri","suri",1
"swatcy","swatcy",1
"sydney","sydney",1
"system","system",1
"tablet","tablet",1
"tb","tb",1
"team","team",1
"thank","thank",1
"thenextweb","thenextweb",1
"this","this",1
"ticq","ticq",1
"top","top",1
"topshop","topshop",1
"transaktion","transaktion",1
"udxl","udxl",1
"ui","ui",1
"unfriendly","unfriendly",1
"unwins","unwins",1
"up","up",1
"url","url",1
"usa","usa",1
"usdj","usdj",1
"user","user",1
"uszane","uszane",1
"vd","vd",1
"vera","vera",1
"vintage","vintage",1
"vivianyuan","vivianyuan",1
"w","w",1
"wash","wash",1
"washes","washes",1
"webplus","webplus",1
"wechat","wechat",1
"week","week",1
"what's","what's",1
"white","white",1
"why","why",1
"wife","wife",1
"wil","wil",1
"will","will",1
"william","william",1
"window","window",1
"wish","wish",1
"woud","woud",1
"wtf","wtf",1
"xiv","xiv",1
"xl","xl",1
"xoxo","xoxo",1
"y","y",1
"yangyoung","yangyoung",1
"yinghe","yinghe",1
"your","your",1
"yvonne","yvonne",1
"zedong","zedong",1
"zhemecn","zhemecn",1
"zqak","zqak",1
"zqawscq","zqawscq",1
"zqg","zqg",1
"zqgmxyi","zqgmxyi",1
"zqj","zqj",1
"zqjcgwr","zqjcgwr",1
"zqjkjre","zqjkjre",1
"zqjpgbs","zqjpgbs",1
"zqjvafu","zqjvafu",1
"zqjygqx","zqjygqx",1
"zqjz","zqjz",1
"zql","zql",1
"zqlikfv","zqlikfv",1
"zqljafn","zqljafn",1
"zqlwa","zqlwa",1
"zqlzj","zqlzj",1
"zqlzny","zqlzny",1
"zqnaaoh","zqnaaoh",1
"zqocf","zqocf",1
"zqod","zqod",1
"zqoepnk","zqoepnk",1
"zqojqna","zqojqna",1
"zqop","zqop",1
"zqouqrh","zqouqrh",1
"zqoy","zqoy",1
"zqpwxth","zqpwxth",1
"zqwaclh","zqwaclh",1
"zqwbmud","zqwbmud",1
"zqwd","zqwd",1
"zqwjxih","zqwjxih",1
"zqwkupi","zqwkupi",1
"zqwna","zqwna",1
"zqwq","zqwq",1
"zqwumsz","zqwumsz",1
"zqwv","zqwv",1
"zqwxufs","zqwxufs",1
"zwzr","zwzr",1
"zyj","zyj",1
"阿","阿",1
"啊哈哈","啊哈哈",1
"哎","哎",1
"艾滋病","艾滋病",1
"爱好者","爱好者",1
"安","安",1
"按摩","按摩",1
"案子","案子",1
"凹","凹",1
"澳门","澳门",1
"八十年代","八十年代",1
"八周","八周",1
"巴马","巴马",1
"巴西","巴西",1
"把握","把握",1
"白痴","白痴",1
"白色","白色",1
"白衣","白衣",1
"搬运工","搬运工",1
"帮忙","帮忙",1
"包顺丰","包顺丰",1
"宝典","宝典",1
"保","保",1
"保持","保持",1
"保罗","保罗",1
"保障","保障",1
"报社","报社",1
"抱抱","抱抱",1
"暴力","暴力",1
"暴利","暴利",1
"爆炸","爆炸",1
"悲","悲",1
"北","北",1
"北加州","北加州",1
"贝佐斯","贝佐斯",1
"贝佐斯来","贝佐斯来",1
"背","背",1
"背带","背带",1
"背诵","背诵",1
"被迫","被迫",1
"辈","辈",1
"奔命","奔命",1
"奔头","奔头",1
"本人","本人",1
"本土","本土",1
"比差","比差",1
"比例","比例",1
"比如","比如",1
"毙","毙",1
"边界","边界",1
"边缘","边缘",1
"编","编",1
"编年","编年",1
"编造","编造",1
"贬值","贬值",1
"便利","便利",1
"变成","变成",1
"遍地开花","遍地开花",1
"彪悍","彪悍",1
"标","标",1
"表","表",1
"表述","表述",1
"别人","别人",1
"别说","别说",1
"病","病",1
"剥离","剥离",1
"伯南克","伯南克",1
"驳回","驳回",1
"博客","博客",1
"博物馆","博物馆",1
"不得不","不得不",1
"不等","不等",1
"不够","不够",1
"不好","不好",1
"不和","不和",1
"不可救药","不可救药",1
"不可思议","不可思议",1
"不买账","不买账",1
"不少","不少",1
"不爽","不爽",1
"不下","不下",1
"不行","不行",1
"不已","不已",1
"不以为然","不以为然",1
"不由得","不由得",1
"不准","不准",1
"部","部",1
"部长","部长",1
"嚓","嚓",1
"擦","擦",1
"材","材",1
"财经","财经",1
"财年","财年",1
"彩虹","彩虹",1
"参与","参与",1
"苍蝇","苍蝇",1
"藏品","藏品",1
"操作","操作",1
"槽","槽",1
"艹","艹",1
"草","草",1
"策略","策略",1
"层面","层面",1
"差异","差异",1
"缠","缠",1
"产生","产生",1
"长期","长期",1
"长三角","长三角",1
"常","常",1
"常常","常常",1
"畅谈","畅谈",1
"超大","超大",1
"车型","车型",1
"车载","车载",1
"撤","撤",1
"陈","陈",1
"陈甘","陈甘",1
"陈烁","陈烁",1
"成本","成本",1
"成长","成长",1
"成交","成交",1
"呈现","呈现",1
"诚心","诚心",1
"诚信","诚信",1
"城市","城市",1
"程","程",1
"程度","程度",1
"吃饭","吃饭",1
"吃喝玩乐","吃喝玩乐",1
"迟迟","迟迟",1
"迟钝","迟钝",1
"持","持",1
"赤","赤",1
"充其量","充其量",1
"充值","充值",1
"出过","出过",1
"出海","出海",1
"出口","出口",1
"出卖","出卖",1
"出人意料","出人意料",1
"出任","出任",1
"出土","出土",1
"出资","出资",1
"初","初",1
"初晓敏","初晓敏",1
"除","除",1
"除了","除了",1
"处理价","处理价",1
"触摸","触摸",1
"揣","揣",1
"传承","传承",1
"传奇","传奇",1
"吹","吹",1
"纯白","纯白",1
"词","词",1
"此处","此处",1
"此人","此人",1
"此时","此时",1
"次奥","次奥",1
"次日","次日",1
"从此","从此",1
"凑","凑",1
"粗","粗",1
"促进","促进",1
"村","村",1
"存","存",1
"存储","存储",1
"存活","存活",1
"搭桥","搭桥",1
"达尔莫斯-","达尔莫斯-",1
"答","答",1
"打败","打败",1
"打折扣","打折扣",1
"大宝","大宝",1
"大布","大布",1
"大胆","大胆",1
"大地","大地",1
"大风","大风",1
"大幅","大幅",1
"大干","大干",1
"大哥","大哥",1
"大会","大会",1
"大量","大量",1
"大路货","大路货",1
"大批量","大批量",1
"大千世界","大千世界",1
"大赛","大赛",1
"大势所趋","大势所趋",1
"大图","大图",1
"大熊","大熊",1
"大于","大于",1
"大中小型","大中小型",1
"大作","大作",1
"代表","代表",1
"代付","代付",1
"带劲","带劲",1
"待客","待客",1
"单纯","单纯",1
"蛋卷","蛋卷",1
"导航","导航",1
"到处","到处",1
"盗","盗",1
"盗版","盗版",1
"道","道",1
"道听途说","道听途说",1
"灯箱","灯箱",1
"登录","登录",1
"等同于","等同于",1
"滴","滴",1
"迪奥","迪奥",1
"地步","地步",1
"地理","地理",1
"地图","地图",1
"地位","地位",1
"第","第",1
"第3方","第3方",1
"第二台","第二台",1
"第二张","第二张",1
"第一次","第一次",1
"第一份","第一份",1
"第一张","第一张",1
"点击率","点击率",1
"点评","点评",1
"点缀","点缀",1
"点子","点子",1
"电池","电池",1
"电动车","电动车",1
"电话","电话",1
"电视","电视",1
"电子版","电子版",1
"店面","店面",1
"奠定","奠定",1
"调整","调整",1
"爹","爹",1
"丁","丁",1
"顶","顶",1
"顶住","顶住",1
"鼎","鼎",1
"订阅","订阅",1
"定时","定时",1
"定位","定位",1
"丢","丢",1
"东方","东方",1
"东方网","东方网",1
"懂得","懂得",1
"动静","动静",1
"动心","动心",1
"栋","栋",1
"豆","豆",1
"读","读",1
"独家","独家",1
"独一无二","独一无二",1
"蠹","蠹",1
"端木","端木",1
"短裤","短裤",1
"短片","短片",1
"短期","短期",1
"断","断",1
"队","队",1
"对比","对比",1
"对方","对方",1
"对抗","对抗",1
"对路","对路",1
"顿觉","顿觉",1
"多半","多半",1
"多纳霍多次","多纳霍多次",1
"多难","多难",1
"多向","多向",1
"多一些","多一些",1
"俄罗斯","俄罗斯",1
"额","额",1
"恶心","恶心",1
"噩梦","噩梦",1
"鳄","鳄",1
"而后","而后",1
"耳机","耳机",1
"耳熟","耳熟",1
"二任","二任",1
"发达","发达",1
"发到","发到",1
"发放","发放",1
"发给","发给",1
"发挥","发挥",1
"发起","发起",1
"法院","法院",1
"","",1
"翻","翻",1
"翻番","翻番",1
"翻身","翻身",1
"凡","凡",1
"反对","反对",1
"反而","反而",1
"反面","反面",1
"反思","反思",1
"反映","反映",1
"犯得上","犯得上",1
"泛欧","泛欧",1
"饭","饭",1
"方案","方案",1
"仿佛","仿佛",1
"访","访",1
"放弃","放弃",1
"放心","放心",1
"飞","飞",1
"非","非",1
"菲律宾","菲律宾",1
"分辨","分辨",1
"分会","分会",1
"分散","分散",1
"粉","粉",1
"风","风",1
"风险","风险",1
"封","封",1
"疯狂","疯狂",1
"否认","否认",1
"夫妇","夫妇",1
"服兵役","服兵役",1
"服务器","服务器",1
"浮世绘","浮世绘",1
"父母","父母",1
"付","付",1
"付费","付费",1
"负责","负责",1
"复","复",1
"富有","富有",1
"赋予","赋予",1
"改进","改进",1
"概念","概念",1
"干净","干净",1
"感到","感到",1
"感动","感动",1
"感受","感受",1
"刚才","刚才",1
"刚好","刚好",1
"钢铁","钢铁",1
"高潮","高潮",1
"高点","高点",1
"高官","高官",1
"高清","高清",1
"搞笑","搞笑",1
"告诉","告诉",1
"哥","哥",1
"歌声","歌声",1
"革命","革命",1
"葛","葛",1
"隔壁","隔壁",1
"个性化","个性化",1
"给出","给出",1
"更好","更好",1
"更加","更加",1
"工具","工具",1
"工艺品","工艺品",1
"公式","公式",1
"公映","公映",1
"功夫","功夫",1
"攻略","攻略",1
"恭喜","恭喜",1
"共","共",1
"沟通","沟通",1
"狗牌","狗牌",1
"苟延残喘","苟延残喘",1
"诟病","诟病",1
"股","股",1
"股东","股东",1
"骨干","骨干",1
"故事会","故事会",1
"顾问","顾问",1
"雇员","雇员",1
"怪","怪",1
"关","关",1
"关键","关键",1
"关税","关税",1
"关系","关系",1
"关押","关押",1
"观","观",1
"观念","观念",1
"观望","观望",1
"管","管",1
"光","光",1
"光火","光火",1
"广阔","广阔",1
"广州","广州",1
"规模","规模",1
"跪","跪",1
"国度","国度",1
"国家","国家",1
"果","果",1
"果壳","果壳",1
"过火","过火",1
"过瘾","过瘾",1
"哈哈","哈哈",1
"哈哈哈","哈哈哈",1
"韩","韩",1
"韩博惟","韩博惟",1
"韩国","韩国",1
"豪华","豪华",1
"好处","好处",1
"好好","好好",1
"好几个","好几个",1
"好久","好久",1
"好看","好看",1
"好事","好事",1
"好运","好运",1
"好在","好在",1
"号召力","号召力",1
"合适","合适",1
"合同","合同",1
"何必","何必",1
"何处","何处",1
"何时","何时",1
"何在","何在",1
"和淘宝","和淘宝",1
"和谐","和谐",1
"很快","很快",1
"很少","很少",1
"后发","后发",1
"后盖","后盖",1
"后来","后来",1
"呼吸","呼吸",1
"忽然","忽然",1
"忽视","忽视",1
"忽悠","忽悠",1
"狐狸","狐狸",1
"胡吃海喝","胡吃海喝",1
"户","户",1
"护发","护发",1
"华强","华强",1
"华盛顿邮报","华盛顿邮报",1
"化","化",1
"化妆品","化妆品",1
"化妆师","化妆师",1
"划","划",1
"划得来","划得来",1
"画幅","画幅",1
"怀念","怀念",1
"欢乐","欢乐",1
"还是","还是",1
"缓","缓",1
"缓刑","缓刑",1
"换人","换人",1
"换上","换上",1
"黄","黄",1
"黄金","黄金",1
"黄君蓝","黄君蓝",1
"回笼","回笼",1
"回应","回应",1
"汇报","汇报",1
"会上","会上",1
"会议","会议",1
"惠普","惠普",1
"活","活",1
"火","火",1
"火箭","火箭",1
"火眼金睛","火眼金睛",1
"伙伴","伙伴",1
"机子","机子",1
"唧唧","唧唧",1
"积极","积极",1
"积累","积累",1
"基本上","基本上",1
"基础","基础",1
"基地","基地",1
"激动","激动",1
"激烈","激烈",1
"即使","即使",1
"极","极",1
"极富","极富",1
"极品","极品",1
"集","集",1
"集聚","集聚",1
"集群式","集群式",1
"集中","集中",1
"几","几",1
"几百块","几百块",1
"几乎","几乎",1
"几率","几率",1
"几张","几张",1
"麂皮","麂皮",1
"计算器","计算器",1
"计媛儿","计媛儿",1
"记得","记得",1
"纪梵希","纪梵希",1
"季","季",1
"季财报","季财报",1
"季小妞","季小妞",1
"既定","既定",1
"E","E",1
"加大","加大",1
"家居","家居",1
"甲骨文","甲骨文",1
"架构","架构",1
"尖端","尖端",1
"坚持","坚持",1
"间","间",1
"间接","间接",1
"兼并","兼并",1
"兼具","兼具",1
"煎","煎",1
"减价","减价",1
"剪辑","剪辑",1
"简洁","简洁",1
"简介","简介",1
"建","建",1
"建筑师","建筑师",1
"建筑物","建筑物",1
"贱","贱",1
"健身器","健身器",1
"渐变","渐变",1
"江青","江青",1
"浆","浆",1
"讲","讲",1
"蒋雨钧","蒋雨钧",1
"酱","酱",1
"交易所","交易所",1
"焦","焦",1
"角","角",1
"脚","脚",1
"教科书","教科书",1
"教授","教授",1
"接触","接触",1
"揭秘","揭秘",1
"杰","杰",1
"杰克・多西","杰克・多西",1
"杰奎琳","杰奎琳",1
"结论","结论",1
"结盟","结盟",1
"结束","结束",1
"戒指","戒指",1
"届时","届时",1
"今晨","今晨",1
"金","金",1
"金立","金立",1
"金属","金属",1
"进化","进化",1
"进货","进货",1
"进军","进军",1
"进来","进来",1
"进入","进入",1
"禁不住","禁不住",1
"经常","经常",1
"经典","经典",1
"经典之作","经典之作",1
"惊","惊",1
"惊悚","惊悚",1
"精","精",1
"精华","精华",1
"精灵","精灵",1
"精品","精品",1
"精英","精英",1
"警惕性","警惕性",1
"净","净",1
"净利润","净利润",1
"竞赛","竞赛",1
"竞争力","竞争力",1
"竞争者","竞争者",1
"竟是","竟是",1
"敬","敬",1
"敬畏","敬畏",1
"镜","镜",1
"镜报","镜报",1
"究竟","究竟",1
"九十几","九十几",1
"久","久",1
"酒","酒",1
"酒店","酒店",1
"酒桶","酒桶",1
"旧","旧",1
"旧书","旧书",1
"就让","就让",1
"就是","就是",1
"就算","就算",1
"橘子","橘子",1
"举报","举报",1
"举措","举措",1
"举行","举行",1
"句","句",1
"巨大","巨大",1
"具有","具有",1
"剧","剧",1
"剧照","剧照",1
"捐给","捐给",1
"捐助","捐助",1
"捐助者","捐助者",1
"君","君",1
"均","均",1
"卡卡","卡卡",1
"卡丝毛","卡丝毛",1
"开办","开办",1
"开店","开店",1
"开会","开会",1
"开启","开启",1
"开通","开通",1
"开学","开学",1
"开眼","开眼",1
"凯文","凯文",1
"坎特伯雷","坎特伯雷",1
"看得见","看得见",1
"看上去","看上去",1
"考拉","考拉",1
"靠","靠",1
"颗","颗",1
"可怜","可怜",1
"可怕","可怕",1
"可惜","可惜",1
"客观","客观",1
"肯尼迪","肯尼迪",1
"空间","空间",1
"空间站","空间站",1
"口袋","口袋",1
"扣除","扣除",1
"哭","哭",1
"苦","苦",1
"苦衷","苦衷",1
"酷","酷",1
"夸张","夸张",1
"跨","跨",1
"跨国","跨国",1
"块","块",1
"快","快",1
"快递","快递",1
"快门","快门",1
"快速","快速",1
"狂飙","狂飙",1
"狂妄","狂妄",1
"框","框",1
"困难","困难",1
"困扰","困扰",1
"扩容","扩容",1
"扩展","扩展",1
"垃圾","垃圾",1
"啦","啦",1
"辣","辣",1
"来不及","来不及",1
"来电","来电",1
"来讲","来讲",1
"来买","来买",1
"兰","兰",1
"兰塞","兰塞",1
"兰小妞","兰小妞",1
"栏目","栏目",1
"蓝色","蓝色",1
"蓝山","蓝山",1
"览","览",1
"懒","懒",1
"郎佳明","郎佳明",1
"狼","狼",1
"痨","痨",1
"老板","老板",1
"老伙计","老伙计",1
"老人","老人",1
"老人家","老人家",1
"佬","佬",1
"乐观","乐观",1
"乐天","乐天",1
"泪流满面","泪流满面",1
"类别","类别",1
"累","累",1
"冷","冷",1
"冷栋","冷栋",1
"冷汗","冷汗",1
"礼物","礼物",1
"李晨曦","李晨曦",1
"李远亮","李远亮",1
"李子骞","李子骞",1
"里程碑","里程碑",1
"里买","里买",1
"里外","里外",1
"理性","理性",1
"力","力",1
"力量","力量",1
"立面","立面",1
"利润率","利润率",1
"利益","利益",1
"利用","利用",1
"例如","例如",1
"荔枝","荔枝",1
"连续","连续",1
"联邦快递","联邦快递",1
"联播","联播",1
"联合","联合",1
"联手","联手",1
"脸","脸",1
"良心","良心",1
"两百六","两百六",1
"两点","两点",1
"两天","两天",1
"亮相","亮相",1
"辆","辆",1
"量","量",1
"料","料",1
"烈日","烈日",1
"猎","猎",1
"猎头","猎头",1
"裂","裂",1
"林五路","林五路",1
"林璇","林璇",1
"铃","铃",1
"零","零",1
"零售业","零售业",1
"领导","领导",1
"浏览","浏览",1
"流苏","流苏",1
"柳","柳",1
"六","六",1
"咯","咯",1
"路","路",1
"路径","路径",1
"路线","路线",1
"路易斯","路易斯",1
"旅程","旅程",1
"旅行社","旅行社",1
"旅游","旅游",1
"律师","律师",1
"绿黑","绿黑",1
"乱说","乱说",1
"抡","抡",1
"罗爽","罗爽",1
"落点","落点",1
"妈","妈",1
"妈妈","妈妈",1
"马逊选","马逊选",1
"马云","马云",1
"马云观","马云观",1
"骂","骂",1
"买来","买来",1
"买卖","买卖",1
"卖场","卖场",1
"卖方","卖方",1
"卖好","卖好",1
"卖假","卖假",1
"慢慢","慢慢",1
"贸","贸",1
"貌似","貌似",1
"没事","没事",1
"没事儿","没事儿",1
"没心没肺","没心没肺",1
"没用","没用",1
"梅奥","梅奥",1
"媒","媒",1
"每","每",1
"每次","每次",1
"每月","每月",1
"美帝","美帝",1
"美发","美发",1
"美发师","美发师",1
"美国防部","美国防部",1
"美国公司","美国公司",1
"美联社","美联社",1
"妹子","妹子",1
"门","门",1
"门槛","门槛",1
"闷","闷",1
"梦想","梦想",1
"迷你","迷你",1
"谜","谜",1
"米其","米其",1
"秘","秘",1
"密度","密度",1
"密林","密林",1
"面","面",1
"面包","面包",1
"面前","面前",1
"灭口","灭口",1
"民用化","民用化",1
"敏感","敏感",1
"名称","名称",1
"名人","名人",1
"名字","名字",1
"模","模",1
"魔","魔",1
"魔鬼","魔鬼",1
"莫名","莫名",1
"墨","墨",1
"某某","某某",1
"某些","某些",1
"木马","木马",1
"目","目",1
"目测","目测",1
"目的","目的",1
"目击","目击",1
"沐浴乳","沐浴乳",1
"哪怕","哪怕",1
"内侧","内侧",1
"那些","那些",1
"那种","那种",1
"男鞋","男鞋",1
"南丰","南丰",1
"南瓜","南瓜",1
"南曼","南曼",1
"难度","难度",1
"闹鬼","闹鬼",1
"能源","能源",1
"尼玛","尼玛",1
"年报","年报",1
"年底","年底",1
"凝","凝",1
"凝清","凝清",1
"纽约","纽约",1
"弄","弄",1
"女","女",1
"诺基亚","诺基亚",1
"排","排",1
"排他性","排他性",1
"牌子","牌子",1
"攀岩","攀岩",1
"判","判",1
"胖胖","胖胖",1
"泡泡","泡泡",1
"陪","陪",1
"彭新雨","彭新雨",1
"批","批",1
"批量","批量",1
"噼里啪啦","噼里啪啦",1
"皮","皮",1
"皮相","皮相",1
"偏","偏",1
"偏颇","偏颇",1
"骗子","骗子",1
"拼","拼",1
"拼写","拼写",1
"品","品",1
"品质","品质",1
"平底鞋","平底鞋",1
"平根","平根",1
"平日","平日",1
"评价","评价",1
"评论者","评论者",1
"凭","凭",1
"苹果公司","苹果公司",1
"屏蔽","屏蔽",1
"屏幕","屏幕",1
"坡","坡",1
"普","普",1
"普及","普及",1
"谱","谱",1
"曝光","曝光",1
"七夕","七夕",1
"期待","期待",1
"漆皮","漆皮",1
"齐集","齐集",1
"其次","其次",1
"其后","其后",1
"其它","其它",1
"奇","奇",1
"奇葩","奇葩",1
"奇人","奇人",1
"奇闻","奇闻",1
"棋子","棋子",1
"启发","启发",1
"启蒙","启蒙",1
"起先","起先",1
"迁移","迁移",1
"牵涉","牵涉",1
"前半夜","前半夜",1
"前面","前面",1
"前途","前途",1
"钱德勒","钱德勒",1
"浅蓝色","浅蓝色",1
"枪","枪",1
"强","强",1
"强人","强人",1
"墙上","墙上",1
"抢跑","抢跑",1
"敲敲","敲敲",1
"乔布斯","乔布斯",1
"琴","琴",1
"清仓","清仓",1
"情形","情形",1
"庆应","庆应",1
"穷人","穷人",1
"球迷","球迷",1
"球鞋","球鞋",1
"区","区",1
"趋势","趋势",1
"取得","取得",1
"取消","取消",1
"趣闻","趣闻",1
"全年","全年",1
"全皮","全皮",1
"全权","全权",1
"权威","权威",1
"缺点","缺点",1
"然","然",1
"热血","热血",1
"热衷于","热衷于",1
"人儿","人儿",1
"人口","人口",1
"认识","认识",1
"任","任",1
"任然","任然",1
"任务","任务",1
"仍然","仍然",1
"日","日",1
"日内瓦","日内瓦",1
"容纳","容纳",1
"入","入",1
"软","软",1
"软禁","软禁",1
"赛","赛",1
"三宝","三宝",1
"三观","三观",1
"三套","三套",1
"三张","三张",1
"桑","桑",1
"骚货","骚货",1
"杀鸡取卵","杀鸡取卵",1
"傻","傻",1
"啥","啥",1
"闪","闪",1
"商宝","商宝",1
"商户","商户",1
"商家","商家",1
"商秦方","商秦方",1
"上班","上班",1
"上半年","上半年",1
"上传","上传",1
"上次","上次",1
"上当","上当",1
"上等","上等",1
"上海","上海",1
"上架","上架",1
"上去","上去",1
"上诉","上诉",1
"上周","上周",1
"稍微","稍微",1
"少不了","少不了",1
"社会","社会",1
"射","射",1
"涉","涉",1
"申请","申请",1
"身边","身边",1
"身后","身后",1
"深","深",1
"深刻","深刻",1
"深深","深深",1
"神","神",1
"神采奕奕","神采奕奕",1
"神化","神化",1
"神奇","神奇",1
"神坛","神坛",1
"甚广","甚广",1
"甚至","甚至",1
"生","生",1
"生命","生命",1
"生日","生日",1
"生死","生死",1
"胜","胜",1
"胜过","胜过",1
"胜利","胜利",1
"绳","绳",1
"省略","省略",1
"盛大","盛大",1
"剩","剩",1
"失去","失去",1
"失业率","失业率",1
"十多家","十多家",1
"十几年","十几年",1
"十年","十年",1
"十一","十一",1
"十亿分","十亿分",1
"时代","时代",1
"时政","时政",1
"时至今日","时至今日",1
"实惠","实惠",1
"实际上","实际上",1
"实时","实时",1
"实体","实体",1
"食言","食言",1
"使得","使得",1
"世纪","世纪",1
"世上","世上",1
"事件","事件",1
"事情","事情",1
"事务所","事务所",1
"试","试",1
"试图","试图",1
"收集","收集",1
"收取","收取",1
"收银机","收银机",1
"收银员","收银员",1
"手段","手段",1
"手工艺品","手工艺品",1
"手里","手里",1
"首","首",1
"首次","首次",1
"首份","首份",1
"首家","首家",1
"首任","首任",1
"首席","首席",1
"受伤","受伤",1
"叔","叔",1
"梳妆盒","梳妆盒",1
"舒服","舒服",1
"舒小莫","舒小莫",1
"输入","输入",1
"熟","熟",1
"熟客","熟客",1
"术","术",1
"树","树",1
"数","数",1
"数码","数码",1
"刷","刷",1
"帅","帅",1
"双方","双方",1
"双增长","双增长",1
"爽","爽",1
"爽快","爽快",1
"水晶","水晶",1
"水上漂","水上漂",1
"水泳社","水泳社",1
"顺序","顺序",1
"说服","说服",1
"说起","说起",1
"硕","硕",1
"司","司",1
"私营","私营",1
"思潮","思潮",1
"思路","思路",1
"思议","思议",1
"斯隆","斯隆",1
"厮","厮",1
"四百","四百",1
"四伍","四伍",1
"四月","四月",1
"宋","宋",1
"送达","送达",1
"搜狐","搜狐",1
"随便","随便",1
"随意","随意",1
"孙毛毛","孙毛毛",1
"所向披靡","所向披靡",1
"所有人","所有人",1
"踏入","踏入",1
"台币","台币",1
"太迟","太迟",1
"太阳能","太阳能",1
"态度","态度",1
"泰国","泰国",1
"泰拳","泰拳",1
"痰盂","痰盂",1
"探囊取物","探囊取物",1
"","",1
"堂","堂",1
"讨论","讨论",1
"套盒","套盒",1
"特","特",1
"特林德尔","特林德尔",1
"特意","特意",1
"腾","腾",1
"腾讯","腾讯",1
"提","提",1
"提前","提前",1
"提神","提神",1
"提现","提现",1
"提醒","提醒",1
"替","替",1
"天理","天理",1
"天天","天天",1
"甜","甜",1
"挑","挑",1
"条件","条件",1
"条形码","条形码",1
"跳绳","跳绳",1
"贴身","贴身",1
"贴心","贴心",1
"铁掌","铁掌",1
"帖子","帖子",1
"听到","听到",1
"听证会","听证会",1
"通","通",1
"通信","通信",1
"通知","通知",1
"同比","同比",1
"同日","同日",1
"同行","同行",1
"同样","同样",1
"同一","同一",1
"同月","同月",1
"铜","铜",1
"统计","统计",1
"统一","统一",1
"头部","头部",1
"投标","投标",1
"投诉","投诉",1
"投资人","投资人",1
"投资者","投资者",1
"突破","突破",1
"突然","突然",1
"图案","图案",1
"图像","图像",1
"涂装","涂装",1
"吐","吐",1
"团队","团队",1
"团体","团体",1
"团团","团团",1
"推动","推动",1
"腿","腿",1
"退税","退税",1
"退伍","退伍",1
"拓展","拓展",1
"娃","娃",1
"挖","挖",1
"外籍","外籍",1
"外面","外面",1
"外围","外围",1
"湾区","湾区",1
"完","完",1
"完毕","完毕",1
"完善","完善",1
"玩吧","玩吧",1
"玩儿","玩儿",1
"腕表","腕表",1
"汪峰","汪峰",1
"亡","亡",1
"王","王",1
"王-","王-",1
"王晔","王晔",1
"网路","网路",1
"网页","网页",1
"网易","网易",1
"微笑","微笑",1
"维也纳","维也纳",1
"伪装","伪装",1
"委屈","委屈",1
"位于","位于",1
"蔚婷","蔚婷",1
"温柔","温柔",1
"文","文",1
"文件","文件",1
"纹理","纹理",1
"涡轮","涡轮",1
"我家","我家",1
"沃","沃",1
"沃达丰","沃达丰",1
"沃尔玛","沃尔玛",1
"无比","无比",1
"无非","无非",1
"无缝","无缝",1
"无奇不有","无奇不有",1
"无所不能","无所不能",1
"无疑","无疑",1
"吴小鉴","吴小鉴",1
"午餐","午餐",1
"伍","伍",1
"舞","舞",1
"舞会","舞会",1
"西方","西方",1
"西南","西南",1
"西区","西区",1
"西仁","西仁",1
"西雪梨","西雪梨",1
"吸引力","吸引力",1
"诶","诶",1
"息","息",1
"洗","洗",1
"下去","下去",1
"下手","下手",1
"夏日","夏日",1
"先生","先生",1
"鲜果","鲜果",1
"鲜艳","鲜艳",1
"闲着","闲着",1
"咸鱼","咸鱼",1
"嫌","嫌",1
"显示屏","显示屏",1
"现","现",1
"现场","现场",1
"现存","现存",1
"现代","现代",1
"现货","现货",1
"现实","现实",1
"现已","现已",1
"线缆","线缆",1
"相似","相似",1
"响","响",1
"想起","想起",1
"想像","想像",1
"象","象",1
"像","像",1
"销魂","销魂",1
"销售额","销售额",1
"小店","小店",1
"小哥","小哥",1
"小规模","小规模",1
"小姐","小姐",1
"小卖","小卖",1
"小米","小米",1
"小型","小型",1
"小学","小学",1
"小字","小字",1
"小组","小组",1
"孝","孝",1
"笑","笑",1
"些","些",1
"些许","些许",1
"鞋面","鞋面",1
"谢冠洲","谢冠洲",1
"谢谢","谢谢",1
"懈怠","懈怠",1
"心急","心急",1
"心理","心理",1
"心路","心路",1
"辛","辛",1
"辛苦","辛苦",1
"辛酸苦辣","辛酸苦辣",1
"新报","新报",1
"新刊","新刊",1
"新浪","新浪",1
"新闻","新闻",1
"新鲜事","新鲜事",1
"新秀","新秀",1
"信沃卡","信沃卡",1
"信仰","信仰",1
"行为","行为",1
"型","型",1
"幸福","幸福",1
"兄弟","兄弟",1
"修复","修复",1
"修罗王","修罗王",1
"虚拟","虚拟",1
"徐雷","徐雷",1
"宣传车","宣传车",1
"宣传单","宣传单",1
"悬疑","悬疑",1
"选段","选段",1
"选购","选购",1
"选项","选项",1
"选用","选用",1
"选择权","选择权",1
"选摘","选摘",1
"学术","学术",1
"学堂","学堂",1
"学学","学学",1
"血","血",1
"寻求","寻求",1
"寻找","寻找",1
"压价","压价",1
"压力","压力",1
"牙","牙",1
"雅虎","雅虎",1
"亚","亚",1
"亚马逊大","亚马逊大",1
"闫闯","闫闯",1
"严格","严格",1
"炎炎","炎炎",1
"研读","研读",1
"研发","研发",1
"颜色","颜色",1
"眼光","眼光",1
"眼神","眼神",1
"眼线笔","眼线笔",1
"扬子江","扬子江",1
"杨小悦","杨小悦",1
"洋","洋",1
"洋气","洋气",1
"样子","样子",1
"姚","姚",1
"瑶","瑶",1
"药","药",1
"要是","要是",1
"要说","要说",1
"也好","也好",1
"也就是说","也就是说",1
"业界","业界",1
"曳","曳",1
"一百六","一百六",1
"一半","一半",1
"一本","一本",1
"一部","一部",1
"一次","一次",1
"一次性","一次性",1
"一顶","一顶",1
"一定","一定",1
"一度","一度",1
"一堆","一堆",1
"一发","一发",1
"一个月","一个月",1
"一共","一共",1
"一律","一律",1
"一面","一面",1
"一起","一起",1
"一千一百九","一千一百九",1
"一抢而空","一抢而空",1
"一群","一群",1
"一身","一身",1
"一艘","一艘",1
"一套","一套",1
"一无所有","一无所有",1
"一下等","一下等",1
"一项","一项",1
"一亿五千万","一亿五千万",1
"一应俱全","一应俱全",1
"一早","一早",1
"一支","一支",1
"一纸空文","一纸空文",1
"一种","一种",1
"伊始","伊始",1
"医院","医院",1
"依据","依据",1
"依然","依然",1
"依稀","依稀",1
"遗物","遗物",1
"以外","以外",1
"以往","以往",1
"义卖","义卖",1
"艺术","艺术",1
"艺术品","艺术品",1
"易记","易记",1
"易于","易于",1
"意思","意思",1
"因","因",1
"因素","因素",1
"音响","音响",1
"银","银",1
"银行卡","银行卡",1
"引来","引来",1
"引用","引用",1
"印","印",1
"英","英",1
"英特尔","英特尔",1
"英文","英文",1
"荧光粉","荧光粉",1
"营业额","营业额",1
"影响力","影响力",1
"佣金","佣金",1
"拥抱","拥抱",1
"永","永",1
"永久","永久",1
"咏叹调","咏叹调",1
"涌","涌",1
"用于","用于",1
"优待","优待",1
"游说","游说",1
"友情","友情",1
"友善","友善",1
"有钱","有钱",1
"有失","有失",1
"有时","有时",1
"有限","有限",1
"有效","有效",1
"有意","有意",1
"右","右",1
"鱼龙混杂","鱼龙混杂",1
"娱","娱",1
"娱乐","娱乐",1
"与否","与否",1
"羽","羽",1
"羽毛球","羽毛球",1
"羽毛球拍","羽毛球拍",1
"预言","预言",1
"欲","欲",1
"原文","原文",1
"原油","原油",1
"原则","原则",1
"原装","原装",1
"圆","圆",1
"圆满","圆满",1
"缘","缘",1
"源自","源自",1
"远","远",1
"远程","远程",1
"愿意","愿意",1
"约翰・多纳霍","约翰・多纳霍",1
"约翰多纳霍","约翰多纳霍",1
"约翰逊","约翰逊",1
"钥匙扣","钥匙扣",1
"运动","运动",1
"运费","运费",1
"运作","运作",1
"杂志","杂志",1
"再说","再说",1
"再也","再也",1
"在内","在内",1
"在意","在意",1
"暂停","暂停",1
"赞恩","赞恩",1
"赞助","赞助",1
"早就","早就",1
"早起","早起",1
"早日","早日",1
"啧","啧",1
"啧啧","啧啧",1
"啧啧称奇","啧啧称奇",1
"怎么","怎么",1
"怎么样","怎么样",1
"增幅","增幅",1
"增强","增强",1
"扎堆","扎堆",1
"摘","摘",1
"詹姆斯","詹姆斯",1
"詹姆斯・福莱斯特","詹姆斯・福莱斯特",1
"展览厅","展览厅",1
"展示","展示",1
"辗转","辗转",1
"占地","占地",1
"战","战",1
"战士","战士",1
"张卡","张卡",1
"掌权","掌权",1
"账","账",1
"找出","找出",1
"照","照",1
"者","者",1
"这本","这本",1
"这不","这不",1
"这次","这次",1
"这点","这点",1
"这回","这回",1
"这项","这项",1
"针对","针对",1
"珍藏","珍藏",1
"真货","真货",1
"真皮","真皮",1
"真实","真实",1
"真相","真相",1
"真真是","真真是",1
"挣","挣",1
"整个","整个",1
"正常","正常",1
"正规军","正规军",1
"正是","正是",1
"证人","证人",1
"证书","证书",1
"政府","政府",1
"政治","政治",1
"之类","之类",1
"之所以","之所以",1
"支出","支出",1
"知","知",1
"知名","知名",1
"b","b",1
"执行","执行",1
"执行官","执行官",1
"执意","执意",1
"直营店","直营店",1
"职","职",1
"职位","职位",1
"只有","只有",1
"旨在","旨在",1
"纸卡","纸卡",1
"指令","指令",1
"指南","指南",1
"志","志",1
"制造","制造",1
"制作","制作",1
"治","治",1
"治疗","治疗",1
"质保","质保",1
"质感","质感",1
"质检","质检",1
"中底","中底",1
"中毒","中毒",1
"中国网","中国网",1
"中国银行","中国银行",1
"中华","中华",1
"中那","中那",1
"中世纪","中世纪",1
"中文","中文",1
"中下","中下",1
"中学","中学",1
"中云","中云",1
"中中","中中",1
"忠诚","忠诚",1
"终端","终端",1
"终於","终於",1
"钟表","钟表",1
"重点","重点",1
"重要","重要",1
"周刊","周刊",1
"周六","周六",1
"周末","周末",1
"周五","周五",1
"珠光","珠光",1
"珠三角","珠三角",1
"诸","诸",1
"猪","猪",1
"竹子","竹子",1
"主持人","主持人",1
"主动","主动",1
"主教","主教",1
"主流","主流",1
"主线","主线",1
"主要","主要",1
"注","注",1
"注意","注意",1
"著名","著名",1
"专访","专访",1
"专辑","专辑",1
"专栏","专栏",1
"专门","专门",1
"装","装",1
"装备","装备",1
"状况","状况",1
"准则","准则",1
"姿势","姿势",1
"资产","资产",1
"资料","资料",1
"字里行间","字里行间",1
"字面","字面",1
"自动","自动",1
"自留","自留",1
"自行","自行",1
"自寻烦恼","自寻烦恼",1
"自营","自营",1
"总额度","总额度",1
"总共","总共",1
"总价值","总价值",1
"总结","总结",1
"总经理","总经理",1
"总是","总是",1
"走高","走高",1
"足球","足球",1
"组","组",1
"祖母","祖母",1
"钻","钻",1
"最低","最低",1
"最新","最新",1
"昨夜","昨夜",1
"左","左",1
"作","作",1
"作家","作家",1
"作品","作品",1
"坐井观天","坐井观天",1
"座谈会","座谈会",1
"做生意","做生意",1
"做文章","做文章",1
